SET session_replication_role = replica;

--
-- PostgreSQL database dump
--

-- Dumped from database version 15.1 (Ubuntu 15.1-1.pgdg20.04+1)
-- Dumped by pg_dump version 15.7 (Ubuntu 15.7-1.pgdg20.04+1)

SET statement_timeout = 0;
SET lock_timeout = 0;
SET idle_in_transaction_session_timeout = 0;
SET client_encoding = 'UTF8';
SET standard_conforming_strings = on;
SELECT pg_catalog.set_config('search_path', '', false);
SET check_function_bodies = false;
SET xmloption = content;
SET client_min_messages = warning;
SET row_security = off;

--
-- Data for Name: audit_log_entries; Type: TABLE DATA; Schema: auth; Owner: supabase_auth_admin
--

INSERT INTO "auth"."audit_log_entries" ("instance_id", "id", "payload", "created_at", "ip_address") VALUES
	('00000000-0000-0000-0000-000000000000', '12c044a6-1f44-4551-91ee-20b75c5dd48b', '{"action":"user_signedup","actor_id":"00000000-0000-0000-0000-000000000000","actor_username":"service_role","actor_via_sso":false,"log_type":"team","traits":{"user_email":"1@2.com","user_id":"66f240f9-30d1-49ca-bc6c-a2e6872a531a","user_phone":""}}', '2024-10-27 16:05:18.973898+00', ''),
	('00000000-0000-0000-0000-000000000000', '1a7e418a-ea17-407a-9519-2522df47c20b', '{"action":"user_signedup","actor_id":"00000000-0000-0000-0000-000000000000","actor_username":"service_role","actor_via_sso":false,"log_type":"team","traits":{"user_email":"2@2.com","user_id":"8d44df12-5ae2-4cfb-8110-5f2a076a049c","user_phone":""}}', '2024-10-27 16:05:36.63002+00', ''),
	('00000000-0000-0000-0000-000000000000', 'd416d43a-0694-4e58-a519-e746949125ab', '{"action":"login","actor_id":"66f240f9-30d1-49ca-bc6c-a2e6872a531a","actor_username":"1@2.com","actor_via_sso":false,"log_type":"account","traits":{"provider":"email"}}', '2024-10-27 16:26:06.671357+00', ''),
	('00000000-0000-0000-0000-000000000000', '829d5c42-17f3-46bd-9311-96291a86fb1e', '{"action":"login","actor_id":"66f240f9-30d1-49ca-bc6c-a2e6872a531a","actor_username":"1@2.com","actor_via_sso":false,"log_type":"account","traits":{"provider":"email"}}', '2024-10-27 16:33:27.229873+00', ''),
	('00000000-0000-0000-0000-000000000000', 'aaa4b800-6dd2-463b-a668-db48bc24813c', '{"action":"login","actor_id":"66f240f9-30d1-49ca-bc6c-a2e6872a531a","actor_username":"1@2.com","actor_via_sso":false,"log_type":"account","traits":{"provider":"email"}}', '2024-10-27 16:39:28.001956+00', ''),
	('00000000-0000-0000-0000-000000000000', 'de50293b-f170-489c-96ed-4daa784dfc21', '{"action":"login","actor_id":"66f240f9-30d1-49ca-bc6c-a2e6872a531a","actor_username":"1@2.com","actor_via_sso":false,"log_type":"account","traits":{"provider":"email"}}', '2024-10-27 17:01:41.839407+00', ''),
	('00000000-0000-0000-0000-000000000000', 'c5b70948-bd64-4bc8-8c4b-eb62455104de', '{"action":"logout","actor_id":"66f240f9-30d1-49ca-bc6c-a2e6872a531a","actor_username":"1@2.com","actor_via_sso":false,"log_type":"account"}', '2024-10-27 17:08:07.918418+00', ''),
	('00000000-0000-0000-0000-000000000000', 'ded0d439-4e34-4c12-86ec-b77bc48019e8', '{"action":"login","actor_id":"66f240f9-30d1-49ca-bc6c-a2e6872a531a","actor_username":"1@2.com","actor_via_sso":false,"log_type":"account","traits":{"provider":"email"}}', '2024-10-27 17:10:18.239139+00', ''),
	('00000000-0000-0000-0000-000000000000', 'd669edca-f5f2-46b9-8c77-a08706652da4', '{"action":"logout","actor_id":"66f240f9-30d1-49ca-bc6c-a2e6872a531a","actor_username":"1@2.com","actor_via_sso":false,"log_type":"account"}', '2024-10-27 17:10:20.332108+00', ''),
	('00000000-0000-0000-0000-000000000000', 'ee3e8730-0553-44e3-b4e0-721d4886a853', '{"action":"login","actor_id":"66f240f9-30d1-49ca-bc6c-a2e6872a531a","actor_username":"1@2.com","actor_via_sso":false,"log_type":"account","traits":{"provider":"email"}}', '2024-10-27 17:17:15.666535+00', ''),
	('00000000-0000-0000-0000-000000000000', 'fa5026cf-d803-45c3-a550-20534e84572c', '{"action":"logout","actor_id":"66f240f9-30d1-49ca-bc6c-a2e6872a531a","actor_username":"1@2.com","actor_via_sso":false,"log_type":"account"}', '2024-10-27 17:17:17.578968+00', ''),
	('00000000-0000-0000-0000-000000000000', 'de1c008d-eaee-41b2-82d5-b2e466b60555', '{"action":"login","actor_id":"66f240f9-30d1-49ca-bc6c-a2e6872a531a","actor_username":"1@2.com","actor_via_sso":false,"log_type":"account","traits":{"provider":"email"}}', '2024-10-27 17:31:47.417541+00', ''),
	('00000000-0000-0000-0000-000000000000', '4488ba07-1b99-4dff-8b18-09c0caee6efb', '{"action":"logout","actor_id":"66f240f9-30d1-49ca-bc6c-a2e6872a531a","actor_username":"1@2.com","actor_via_sso":false,"log_type":"account"}', '2024-10-27 17:32:09.226363+00', ''),
	('00000000-0000-0000-0000-000000000000', '3b6dc4b0-f19d-4613-b917-9d41272b0e7c', '{"action":"login","actor_id":"66f240f9-30d1-49ca-bc6c-a2e6872a531a","actor_username":"1@2.com","actor_via_sso":false,"log_type":"account","traits":{"provider":"email"}}', '2024-10-27 17:33:47.685975+00', ''),
	('00000000-0000-0000-0000-000000000000', '5dfa7896-a95f-40f4-9702-a8b9e5219986', '{"action":"logout","actor_id":"66f240f9-30d1-49ca-bc6c-a2e6872a531a","actor_username":"1@2.com","actor_via_sso":false,"log_type":"account"}', '2024-10-27 17:33:54.855858+00', ''),
	('00000000-0000-0000-0000-000000000000', '6411d236-8a58-47b4-818b-11dd6d30b0b7', '{"action":"login","actor_id":"66f240f9-30d1-49ca-bc6c-a2e6872a531a","actor_username":"1@2.com","actor_via_sso":false,"log_type":"account","traits":{"provider":"email"}}', '2024-10-27 18:40:34.179387+00', ''),
	('00000000-0000-0000-0000-000000000000', '4a2feafd-8e29-45fd-8b32-7b09dd9f74fd', '{"action":"logout","actor_id":"66f240f9-30d1-49ca-bc6c-a2e6872a531a","actor_username":"1@2.com","actor_via_sso":false,"log_type":"account"}', '2024-10-27 18:40:39.554958+00', ''),
	('00000000-0000-0000-0000-000000000000', 'de0ee00b-a4cf-4764-9b81-38fb1176331e', '{"action":"login","actor_id":"8d44df12-5ae2-4cfb-8110-5f2a076a049c","actor_username":"2@2.com","actor_via_sso":false,"log_type":"account","traits":{"provider":"email"}}', '2024-10-27 19:00:18.422274+00', ''),
	('00000000-0000-0000-0000-000000000000', '182d9ac5-f2cf-467d-9efa-433d3907f390', '{"action":"logout","actor_id":"8d44df12-5ae2-4cfb-8110-5f2a076a049c","actor_username":"2@2.com","actor_via_sso":false,"log_type":"account"}', '2024-10-27 19:00:38.002312+00', ''),
	('00000000-0000-0000-0000-000000000000', '37489192-47b8-4d0e-96f7-7358ba77e250', '{"action":"login","actor_id":"8d44df12-5ae2-4cfb-8110-5f2a076a049c","actor_username":"2@2.com","actor_via_sso":false,"log_type":"account","traits":{"provider":"email"}}', '2024-10-27 19:03:31.102521+00', ''),
	('00000000-0000-0000-0000-000000000000', 'f119ad5c-dc00-4b58-9bb6-26b8c1bcbdeb', '{"action":"logout","actor_id":"8d44df12-5ae2-4cfb-8110-5f2a076a049c","actor_username":"2@2.com","actor_via_sso":false,"log_type":"account"}', '2024-10-27 19:04:42.447828+00', ''),
	('00000000-0000-0000-0000-000000000000', 'c786e2a5-3013-4a81-8fc8-a4c12647c93a', '{"action":"login","actor_id":"8d44df12-5ae2-4cfb-8110-5f2a076a049c","actor_username":"2@2.com","actor_via_sso":false,"log_type":"account","traits":{"provider":"email"}}', '2024-10-27 19:05:19.647491+00', ''),
	('00000000-0000-0000-0000-000000000000', 'c16f8115-c65a-4a84-979e-703939d02a95', '{"action":"login","actor_id":"66f240f9-30d1-49ca-bc6c-a2e6872a531a","actor_username":"1@2.com","actor_via_sso":false,"log_type":"account","traits":{"provider":"email"}}', '2024-10-27 19:05:44.244239+00', ''),
	('00000000-0000-0000-0000-000000000000', '3d09ec9d-8357-4f80-a3b7-9ef67301e8fb', '{"action":"logout","actor_id":"66f240f9-30d1-49ca-bc6c-a2e6872a531a","actor_username":"1@2.com","actor_via_sso":false,"log_type":"account"}', '2024-10-27 19:05:46.932547+00', ''),
	('00000000-0000-0000-0000-000000000000', 'fd41f17a-fb5d-49be-8d42-20fad039cb40', '{"action":"login","actor_id":"66f240f9-30d1-49ca-bc6c-a2e6872a531a","actor_username":"1@2.com","actor_via_sso":false,"log_type":"account","traits":{"provider":"email"}}', '2024-10-27 19:08:27.71483+00', ''),
	('00000000-0000-0000-0000-000000000000', '568b26a2-3d36-4554-abd2-818386c4759e', '{"action":"login","actor_id":"66f240f9-30d1-49ca-bc6c-a2e6872a531a","actor_username":"1@2.com","actor_via_sso":false,"log_type":"account","traits":{"provider":"email"}}', '2024-10-27 19:12:04.520894+00', ''),
	('00000000-0000-0000-0000-000000000000', '3e9c03d7-859f-4f78-9811-c6561f06c122', '{"action":"login","actor_id":"66f240f9-30d1-49ca-bc6c-a2e6872a531a","actor_username":"1@2.com","actor_via_sso":false,"log_type":"account","traits":{"provider":"email"}}', '2024-10-27 19:12:32.460713+00', ''),
	('00000000-0000-0000-0000-000000000000', 'cb201bca-6d77-4a5b-a00c-2559b9f45024', '{"action":"logout","actor_id":"66f240f9-30d1-49ca-bc6c-a2e6872a531a","actor_username":"1@2.com","actor_via_sso":false,"log_type":"account"}', '2024-10-27 19:12:41.901343+00', ''),
	('00000000-0000-0000-0000-000000000000', '4a8497d0-2e7a-49e6-8aa7-d24426fd3c3a', '{"action":"login","actor_id":"66f240f9-30d1-49ca-bc6c-a2e6872a531a","actor_username":"1@2.com","actor_via_sso":false,"log_type":"account","traits":{"provider":"email"}}', '2024-10-27 19:14:14.880227+00', ''),
	('00000000-0000-0000-0000-000000000000', '5e20b341-b718-421d-961f-c67f2f686528', '{"action":"login","actor_id":"66f240f9-30d1-49ca-bc6c-a2e6872a531a","actor_username":"1@2.com","actor_via_sso":false,"log_type":"account","traits":{"provider":"email"}}', '2024-10-27 19:18:07.45237+00', ''),
	('00000000-0000-0000-0000-000000000000', 'eb40cd9b-675c-45d8-96dd-1021f8f6c152', '{"action":"login","actor_id":"66f240f9-30d1-49ca-bc6c-a2e6872a531a","actor_username":"1@2.com","actor_via_sso":false,"log_type":"account","traits":{"provider":"email"}}', '2024-10-27 19:21:34.050559+00', ''),
	('00000000-0000-0000-0000-000000000000', 'd2bfec50-521a-4490-b4bf-dcc3fd6cced8', '{"action":"logout","actor_id":"66f240f9-30d1-49ca-bc6c-a2e6872a531a","actor_username":"1@2.com","actor_via_sso":false,"log_type":"account"}', '2024-10-27 19:24:05.141844+00', ''),
	('00000000-0000-0000-0000-000000000000', '196e978c-5687-4705-81a9-cd05bf522a6e', '{"action":"login","actor_id":"66f240f9-30d1-49ca-bc6c-a2e6872a531a","actor_username":"1@2.com","actor_via_sso":false,"log_type":"account","traits":{"provider":"email"}}', '2024-10-27 19:27:59.426796+00', ''),
	('00000000-0000-0000-0000-000000000000', 'b75ed920-038a-4445-b0f1-d489aa873bc0', '{"action":"logout","actor_id":"66f240f9-30d1-49ca-bc6c-a2e6872a531a","actor_username":"1@2.com","actor_via_sso":false,"log_type":"account"}', '2024-10-27 19:28:41.425662+00', ''),
	('00000000-0000-0000-0000-000000000000', '056d7a5f-c99c-4ff9-97b3-00847cccb1af', '{"action":"login","actor_id":"8d44df12-5ae2-4cfb-8110-5f2a076a049c","actor_username":"2@2.com","actor_via_sso":false,"log_type":"account","traits":{"provider":"email"}}', '2024-10-27 19:40:27.396293+00', ''),
	('00000000-0000-0000-0000-000000000000', '9f9f0170-7144-4179-b0e7-41dc029650f3', '{"action":"logout","actor_id":"8d44df12-5ae2-4cfb-8110-5f2a076a049c","actor_username":"2@2.com","actor_via_sso":false,"log_type":"account"}', '2024-10-27 19:43:41.138165+00', ''),
	('00000000-0000-0000-0000-000000000000', '8d4f682b-1655-42fe-b6f8-14f3a1fd567b', '{"action":"login","actor_id":"66f240f9-30d1-49ca-bc6c-a2e6872a531a","actor_username":"1@2.com","actor_via_sso":false,"log_type":"account","traits":{"provider":"email"}}', '2024-10-27 19:43:51.149824+00', ''),
	('00000000-0000-0000-0000-000000000000', '1768dccc-f988-4344-95f6-d3701214d2df', '{"action":"logout","actor_id":"66f240f9-30d1-49ca-bc6c-a2e6872a531a","actor_username":"1@2.com","actor_via_sso":false,"log_type":"account"}', '2024-10-27 19:44:10.857708+00', ''),
	('00000000-0000-0000-0000-000000000000', '082485fd-a0b2-4d6a-9708-6485b53df17c', '{"action":"login","actor_id":"66f240f9-30d1-49ca-bc6c-a2e6872a531a","actor_username":"1@2.com","actor_via_sso":false,"log_type":"account","traits":{"provider":"email"}}', '2024-10-27 19:44:23.991251+00', ''),
	('00000000-0000-0000-0000-000000000000', '773e880f-8748-461c-97d7-ca77a723eed1', '{"action":"logout","actor_id":"66f240f9-30d1-49ca-bc6c-a2e6872a531a","actor_username":"1@2.com","actor_via_sso":false,"log_type":"account"}', '2024-10-27 19:47:59.480297+00', ''),
	('00000000-0000-0000-0000-000000000000', '8d980087-9e0c-44cd-8ec6-8e34a617cbae', '{"action":"login","actor_id":"66f240f9-30d1-49ca-bc6c-a2e6872a531a","actor_username":"1@2.com","actor_via_sso":false,"log_type":"account","traits":{"provider":"email"}}', '2024-10-27 19:57:09.90711+00', ''),
	('00000000-0000-0000-0000-000000000000', 'd2932263-550a-4b21-8efc-227fb907ff93', '{"action":"logout","actor_id":"66f240f9-30d1-49ca-bc6c-a2e6872a531a","actor_username":"1@2.com","actor_via_sso":false,"log_type":"account"}', '2024-10-27 19:57:57.219106+00', ''),
	('00000000-0000-0000-0000-000000000000', '189a7f9a-1aa4-4925-819b-4ffcc8c0010e', '{"action":"login","actor_id":"66f240f9-30d1-49ca-bc6c-a2e6872a531a","actor_username":"1@2.com","actor_via_sso":false,"log_type":"account","traits":{"provider":"email"}}', '2024-10-27 20:09:19.509211+00', ''),
	('00000000-0000-0000-0000-000000000000', '500259bb-2a23-4fb4-addf-df258c8b1510', '{"action":"logout","actor_id":"66f240f9-30d1-49ca-bc6c-a2e6872a531a","actor_username":"1@2.com","actor_via_sso":false,"log_type":"account"}', '2024-10-27 20:17:36.950475+00', ''),
	('00000000-0000-0000-0000-000000000000', 'ba239694-8413-4730-9224-0ebf021b6064', '{"action":"login","actor_id":"66f240f9-30d1-49ca-bc6c-a2e6872a531a","actor_username":"1@2.com","actor_via_sso":false,"log_type":"account","traits":{"provider":"email"}}', '2024-10-27 20:18:29.768935+00', ''),
	('00000000-0000-0000-0000-000000000000', 'aa9d1298-2844-4d8e-b27b-f00ea1f88cd3', '{"action":"logout","actor_id":"66f240f9-30d1-49ca-bc6c-a2e6872a531a","actor_username":"1@2.com","actor_via_sso":false,"log_type":"account"}', '2024-10-27 20:23:59.385058+00', ''),
	('00000000-0000-0000-0000-000000000000', '8970dec3-4531-4717-af9a-453d8572f306', '{"action":"login","actor_id":"66f240f9-30d1-49ca-bc6c-a2e6872a531a","actor_username":"1@2.com","actor_via_sso":false,"log_type":"account","traits":{"provider":"email"}}', '2024-10-27 20:24:07.313039+00', ''),
	('00000000-0000-0000-0000-000000000000', 'a0e83249-886c-45b1-8dd8-55c06c375f01', '{"action":"logout","actor_id":"66f240f9-30d1-49ca-bc6c-a2e6872a531a","actor_username":"1@2.com","actor_via_sso":false,"log_type":"account"}', '2024-10-27 20:32:00.824634+00', ''),
	('00000000-0000-0000-0000-000000000000', '53e9142b-103b-417b-9437-65f7f4e1b8f1', '{"action":"login","actor_id":"66f240f9-30d1-49ca-bc6c-a2e6872a531a","actor_username":"1@2.com","actor_via_sso":false,"log_type":"account","traits":{"provider":"email"}}', '2024-10-27 20:32:44.647784+00', ''),
	('00000000-0000-0000-0000-000000000000', 'ac66235b-12aa-4f51-88ad-0089b4bdd207', '{"action":"login","actor_id":"66f240f9-30d1-49ca-bc6c-a2e6872a531a","actor_username":"1@2.com","actor_via_sso":false,"log_type":"account","traits":{"provider":"email"}}', '2024-10-28 20:11:58.525034+00', ''),
	('00000000-0000-0000-0000-000000000000', '3cb7260c-d0a2-4481-8a81-af42ac9a338e', '{"action":"logout","actor_id":"66f240f9-30d1-49ca-bc6c-a2e6872a531a","actor_username":"1@2.com","actor_via_sso":false,"log_type":"account"}', '2024-10-28 20:12:10.012804+00', ''),
	('00000000-0000-0000-0000-000000000000', 'fd0aab6e-c60b-4b08-9900-c829bcdd7b6e', '{"action":"login","actor_id":"8d44df12-5ae2-4cfb-8110-5f2a076a049c","actor_username":"2@2.com","actor_via_sso":false,"log_type":"account","traits":{"provider":"email"}}', '2024-10-28 21:57:32.191811+00', ''),
	('00000000-0000-0000-0000-000000000000', '886c1dbb-2794-411a-8aff-c1deed3e127a', '{"action":"logout","actor_id":"8d44df12-5ae2-4cfb-8110-5f2a076a049c","actor_username":"2@2.com","actor_via_sso":false,"log_type":"account"}', '2024-10-28 21:59:17.966269+00', ''),
	('00000000-0000-0000-0000-000000000000', 'f29b34f7-f436-4041-bf66-86cf5a5c1460', '{"action":"login","actor_id":"66f240f9-30d1-49ca-bc6c-a2e6872a531a","actor_username":"1@2.com","actor_via_sso":false,"log_type":"account","traits":{"provider":"email"}}', '2024-10-28 21:59:26.97729+00', ''),
	('00000000-0000-0000-0000-000000000000', '6e5ed6cb-69b5-485b-ad1f-56c114bbdf7f', '{"action":"logout","actor_id":"66f240f9-30d1-49ca-bc6c-a2e6872a531a","actor_username":"1@2.com","actor_via_sso":false,"log_type":"account"}', '2024-10-28 21:59:43.499193+00', ''),
	('00000000-0000-0000-0000-000000000000', '06b6bbd2-d2c9-478d-b037-0e466b153aef', '{"action":"login","actor_id":"66f240f9-30d1-49ca-bc6c-a2e6872a531a","actor_username":"1@2.com","actor_via_sso":false,"log_type":"account","traits":{"provider":"email"}}', '2024-10-28 21:59:49.204824+00', ''),
	('00000000-0000-0000-0000-000000000000', '72ebf5eb-9f7c-4662-89ce-554a96cd8cea', '{"action":"logout","actor_id":"66f240f9-30d1-49ca-bc6c-a2e6872a531a","actor_username":"1@2.com","actor_via_sso":false,"log_type":"account"}', '2024-10-28 21:59:51.644409+00', ''),
	('00000000-0000-0000-0000-000000000000', '25a390d9-dacc-43b4-b12a-6102552419ed', '{"action":"login","actor_id":"66f240f9-30d1-49ca-bc6c-a2e6872a531a","actor_username":"1@2.com","actor_via_sso":false,"log_type":"account","traits":{"provider":"email"}}', '2024-10-28 22:20:24.905287+00', ''),
	('00000000-0000-0000-0000-000000000000', '05301e53-2f11-47d5-8de1-93aeff1847e0', '{"action":"logout","actor_id":"66f240f9-30d1-49ca-bc6c-a2e6872a531a","actor_username":"1@2.com","actor_via_sso":false,"log_type":"account"}', '2024-10-28 22:20:34.63681+00', ''),
	('00000000-0000-0000-0000-000000000000', '4ed77d54-3d43-49a1-869f-be4cd12b12b4', '{"action":"login","actor_id":"66f240f9-30d1-49ca-bc6c-a2e6872a531a","actor_username":"1@2.com","actor_via_sso":false,"log_type":"account","traits":{"provider":"email"}}', '2024-10-28 22:40:58.363792+00', ''),
	('00000000-0000-0000-0000-000000000000', '7539eb24-9992-44e2-a156-603c62e65379', '{"action":"logout","actor_id":"66f240f9-30d1-49ca-bc6c-a2e6872a531a","actor_username":"1@2.com","actor_via_sso":false,"log_type":"account"}', '2024-10-28 22:41:03.343191+00', ''),
	('00000000-0000-0000-0000-000000000000', 'f8bb7383-23ca-4c42-982c-5461d6c7c0fd', '{"action":"login","actor_id":"66f240f9-30d1-49ca-bc6c-a2e6872a531a","actor_username":"1@2.com","actor_via_sso":false,"log_type":"account","traits":{"provider":"email"}}', '2024-10-28 23:44:28.214838+00', ''),
	('00000000-0000-0000-0000-000000000000', 'ab758a03-89b8-4895-9494-ecea3da38f38', '{"action":"logout","actor_id":"66f240f9-30d1-49ca-bc6c-a2e6872a531a","actor_username":"1@2.com","actor_via_sso":false,"log_type":"account"}', '2024-10-28 23:44:30.298338+00', ''),
	('00000000-0000-0000-0000-000000000000', '023eec5c-a1cf-4745-9783-732b33a8c4c7', '{"action":"login","actor_id":"8d44df12-5ae2-4cfb-8110-5f2a076a049c","actor_username":"2@2.com","actor_via_sso":false,"log_type":"account","traits":{"provider":"email"}}', '2024-10-28 23:45:14.532901+00', ''),
	('00000000-0000-0000-0000-000000000000', '58676230-2182-4c07-90fd-1e81341062c8', '{"action":"logout","actor_id":"8d44df12-5ae2-4cfb-8110-5f2a076a049c","actor_username":"2@2.com","actor_via_sso":false,"log_type":"account"}', '2024-10-28 23:45:20.113005+00', ''),
	('00000000-0000-0000-0000-000000000000', '14bc26f9-d2cf-4b3e-be64-473b24f99f1f', '{"action":"login","actor_id":"66f240f9-30d1-49ca-bc6c-a2e6872a531a","actor_username":"1@2.com","actor_via_sso":false,"log_type":"account","traits":{"provider":"email"}}', '2024-10-29 20:05:06.669607+00', ''),
	('00000000-0000-0000-0000-000000000000', '4dcc1870-2300-4956-901f-248d6e35b631', '{"action":"logout","actor_id":"66f240f9-30d1-49ca-bc6c-a2e6872a531a","actor_username":"1@2.com","actor_via_sso":false,"log_type":"account"}', '2024-10-29 20:05:08.794021+00', ''),
	('00000000-0000-0000-0000-000000000000', '0acd5036-cc75-407a-8d69-3a36c2ae81bd', '{"action":"login","actor_id":"66f240f9-30d1-49ca-bc6c-a2e6872a531a","actor_username":"1@2.com","actor_via_sso":false,"log_type":"account","traits":{"provider":"email"}}', '2024-10-29 21:44:17.030378+00', ''),
	('00000000-0000-0000-0000-000000000000', '667202ad-9ee7-473b-a6a1-c499997b1235', '{"action":"logout","actor_id":"66f240f9-30d1-49ca-bc6c-a2e6872a531a","actor_username":"1@2.com","actor_via_sso":false,"log_type":"account"}', '2024-10-29 21:44:19.140875+00', ''),
	('00000000-0000-0000-0000-000000000000', '4f4a6977-2bb9-43dd-a5ac-5628d89dda8c', '{"action":"user_recovery_requested","actor_id":"66f240f9-30d1-49ca-bc6c-a2e6872a531a","actor_username":"1@2.com","actor_via_sso":false,"log_type":"user"}', '2024-10-29 22:02:39.997466+00', ''),
	('00000000-0000-0000-0000-000000000000', '71ebb17f-110c-401a-bd3b-d7e4aaa2a2dc', '{"action":"user_recovery_requested","actor_id":"66f240f9-30d1-49ca-bc6c-a2e6872a531a","actor_username":"1@2.com","actor_via_sso":false,"log_type":"user"}', '2024-10-29 22:03:19.65408+00', ''),
	('00000000-0000-0000-0000-000000000000', 'f37a82b2-3a5a-4ab9-8924-74374b73da82', '{"action":"user_recovery_requested","actor_id":"66f240f9-30d1-49ca-bc6c-a2e6872a531a","actor_username":"1@2.com","actor_via_sso":false,"log_type":"user"}', '2024-10-29 22:04:35.587147+00', ''),
	('00000000-0000-0000-0000-000000000000', 'bf746511-8930-42ab-a23b-4ade8c0a3b1c', '{"action":"user_recovery_requested","actor_id":"66f240f9-30d1-49ca-bc6c-a2e6872a531a","actor_username":"1@2.com","actor_via_sso":false,"log_type":"user"}', '2024-10-29 22:08:03.755887+00', ''),
	('00000000-0000-0000-0000-000000000000', 'fdd1221a-02da-49fa-85c1-b80237e4d917', '{"action":"user_recovery_requested","actor_id":"66f240f9-30d1-49ca-bc6c-a2e6872a531a","actor_username":"1@2.com","actor_via_sso":false,"log_type":"user"}', '2024-10-29 22:08:11.659202+00', ''),
	('00000000-0000-0000-0000-000000000000', '5cdaf8a7-ea02-4b58-a9b0-b603c921602b', '{"action":"user_recovery_requested","actor_id":"66f240f9-30d1-49ca-bc6c-a2e6872a531a","actor_username":"1@2.com","actor_via_sso":false,"log_type":"user"}', '2024-10-29 22:09:45.868476+00', ''),
	('00000000-0000-0000-0000-000000000000', 'adee7cd1-83a6-4a38-802b-66f47eef3980', '{"action":"login","actor_id":"66f240f9-30d1-49ca-bc6c-a2e6872a531a","actor_username":"1@2.com","actor_via_sso":false,"log_type":"account"}', '2024-10-29 22:10:19.742952+00', ''),
	('00000000-0000-0000-0000-000000000000', 'fb62c302-32bf-444b-a148-a51c8b58a32d', '{"action":"user_recovery_requested","actor_id":"8d44df12-5ae2-4cfb-8110-5f2a076a049c","actor_username":"2@2.com","actor_via_sso":false,"log_type":"user"}', '2024-10-29 22:11:44.369643+00', ''),
	('00000000-0000-0000-0000-000000000000', '94408763-4c0e-4f87-b750-74affa6c3058', '{"action":"login","actor_id":"8d44df12-5ae2-4cfb-8110-5f2a076a049c","actor_username":"2@2.com","actor_via_sso":false,"log_type":"account"}', '2024-10-29 22:11:53.973793+00', ''),
	('00000000-0000-0000-0000-000000000000', '98096cd0-0047-4f9a-a7fd-620ae48f4271', '{"action":"login","actor_id":"8d44df12-5ae2-4cfb-8110-5f2a076a049c","actor_username":"2@2.com","actor_via_sso":false,"log_type":"account","traits":{"provider_type":"magiclink"}}', '2024-10-29 22:11:54.20263+00', ''),
	('00000000-0000-0000-0000-000000000000', '4d138937-b300-49ae-8136-d548f12ef662', '{"action":"logout","actor_id":"8d44df12-5ae2-4cfb-8110-5f2a076a049c","actor_username":"2@2.com","actor_via_sso":false,"log_type":"account"}', '2024-10-29 22:13:47.041417+00', ''),
	('00000000-0000-0000-0000-000000000000', 'e7bc040e-4116-4612-8617-96659b481f6a', '{"action":"user_recovery_requested","actor_id":"66f240f9-30d1-49ca-bc6c-a2e6872a531a","actor_username":"1@2.com","actor_via_sso":false,"log_type":"user"}', '2024-10-29 22:13:58.283722+00', ''),
	('00000000-0000-0000-0000-000000000000', 'f00158a1-3235-478d-b643-4a4454170446', '{"action":"login","actor_id":"66f240f9-30d1-49ca-bc6c-a2e6872a531a","actor_username":"1@2.com","actor_via_sso":false,"log_type":"account"}', '2024-10-29 22:14:09.738572+00', ''),
	('00000000-0000-0000-0000-000000000000', '79f7ea86-0ddd-4065-ba7f-e98fcdc09fef', '{"action":"login","actor_id":"66f240f9-30d1-49ca-bc6c-a2e6872a531a","actor_username":"1@2.com","actor_via_sso":false,"log_type":"account","traits":{"provider_type":"magiclink"}}', '2024-10-29 22:14:09.987821+00', ''),
	('00000000-0000-0000-0000-000000000000', '30d4b132-44e2-474a-b8cb-3e9d5d07c7e6', '{"action":"logout","actor_id":"66f240f9-30d1-49ca-bc6c-a2e6872a531a","actor_username":"1@2.com","actor_via_sso":false,"log_type":"account"}', '2024-10-29 22:17:47.38922+00', ''),
	('00000000-0000-0000-0000-000000000000', '08b0c761-948c-4d24-8d3a-6a73da935ebf', '{"action":"user_recovery_requested","actor_id":"8d44df12-5ae2-4cfb-8110-5f2a076a049c","actor_username":"2@2.com","actor_via_sso":false,"log_type":"user"}', '2024-10-29 23:14:10.580062+00', ''),
	('00000000-0000-0000-0000-000000000000', '7434d513-9e6f-44b8-9f26-f0d4038e621a', '{"action":"user_recovery_requested","actor_id":"8d44df12-5ae2-4cfb-8110-5f2a076a049c","actor_username":"2@2.com","actor_via_sso":false,"log_type":"user"}', '2024-10-29 23:14:17.65758+00', ''),
	('00000000-0000-0000-0000-000000000000', '1a139890-1247-4f0f-9066-3fa4cc7a20af', '{"action":"user_recovery_requested","actor_id":"8d44df12-5ae2-4cfb-8110-5f2a076a049c","actor_username":"2@2.com","actor_via_sso":false,"log_type":"user"}', '2024-10-29 23:16:30.768694+00', ''),
	('00000000-0000-0000-0000-000000000000', '1ab68009-264c-4256-a2dd-fd7b34a471ae', '{"action":"user_recovery_requested","actor_id":"8d44df12-5ae2-4cfb-8110-5f2a076a049c","actor_username":"2@2.com","actor_via_sso":false,"log_type":"user"}', '2024-10-29 23:16:34.655218+00', ''),
	('00000000-0000-0000-0000-000000000000', '00231c51-599d-46e5-b496-38c2e52a7f85', '{"action":"user_recovery_requested","actor_id":"66f240f9-30d1-49ca-bc6c-a2e6872a531a","actor_username":"1@2.com","actor_via_sso":false,"log_type":"user"}', '2024-10-29 23:21:20.0421+00', ''),
	('00000000-0000-0000-0000-000000000000', '03f70d6f-0aa2-45f5-818b-38470ab87a6d', '{"action":"user_recovery_requested","actor_id":"66f240f9-30d1-49ca-bc6c-a2e6872a531a","actor_username":"1@2.com","actor_via_sso":false,"log_type":"user"}', '2024-10-29 23:21:29.411002+00', ''),
	('00000000-0000-0000-0000-000000000000', 'adff3b8b-b69a-4be9-8d71-eb2b5a21c49c', '{"action":"user_recovery_requested","actor_id":"8d44df12-5ae2-4cfb-8110-5f2a076a049c","actor_username":"2@2.com","actor_via_sso":false,"log_type":"user"}', '2024-10-29 23:28:17.469206+00', ''),
	('00000000-0000-0000-0000-000000000000', '15aaa705-66e7-46a6-9c81-03babcfcdceb', '{"action":"user_recovery_requested","actor_id":"8d44df12-5ae2-4cfb-8110-5f2a076a049c","actor_username":"2@2.com","actor_via_sso":false,"log_type":"user"}', '2024-10-29 23:28:57.670249+00', ''),
	('00000000-0000-0000-0000-000000000000', 'c6673c14-8776-4499-93f9-4d75f71f89dc', '{"action":"user_recovery_requested","actor_id":"66f240f9-30d1-49ca-bc6c-a2e6872a531a","actor_username":"1@2.com","actor_via_sso":false,"log_type":"user"}', '2024-10-29 23:30:00.888848+00', ''),
	('00000000-0000-0000-0000-000000000000', '5e73faf9-5117-4e10-922d-048ee8d6ab88', '{"action":"login","actor_id":"66f240f9-30d1-49ca-bc6c-a2e6872a531a","actor_username":"1@2.com","actor_via_sso":false,"log_type":"account"}', '2024-10-29 23:34:17.886776+00', ''),
	('00000000-0000-0000-0000-000000000000', 'b02ade28-6e6c-4949-9401-cfee3120700e', '{"action":"logout","actor_id":"66f240f9-30d1-49ca-bc6c-a2e6872a531a","actor_username":"1@2.com","actor_via_sso":false,"log_type":"account"}', '2024-10-29 23:34:21.111793+00', ''),
	('00000000-0000-0000-0000-000000000000', 'ad808cd5-e6c2-4a15-9c55-0852b32789d8', '{"action":"login","actor_id":"66f240f9-30d1-49ca-bc6c-a2e6872a531a","actor_username":"1@2.com","actor_via_sso":false,"log_type":"account","traits":{"provider":"email"}}', '2024-10-30 21:31:43.737696+00', ''),
	('00000000-0000-0000-0000-000000000000', 'd1472642-9e9d-414d-8534-18c8144e150c', '{"action":"logout","actor_id":"66f240f9-30d1-49ca-bc6c-a2e6872a531a","actor_username":"1@2.com","actor_via_sso":false,"log_type":"account"}', '2024-10-30 21:31:51.300525+00', ''),
	('00000000-0000-0000-0000-000000000000', '6ad8daaf-2090-4c01-8414-52204628b215', '{"action":"user_recovery_requested","actor_id":"66f240f9-30d1-49ca-bc6c-a2e6872a531a","actor_username":"1@2.com","actor_via_sso":false,"log_type":"user"}', '2024-10-30 21:31:58.523445+00', ''),
	('00000000-0000-0000-0000-000000000000', 'ab7ee077-8285-4be3-93bc-12950b900580', '{"action":"login","actor_id":"66f240f9-30d1-49ca-bc6c-a2e6872a531a","actor_username":"1@2.com","actor_via_sso":false,"log_type":"account"}', '2024-10-30 21:32:25.310199+00', ''),
	('00000000-0000-0000-0000-000000000000', '78fd6d63-36f3-4e46-b148-b9cd8dd0ca23', '{"action":"logout","actor_id":"66f240f9-30d1-49ca-bc6c-a2e6872a531a","actor_username":"1@2.com","actor_via_sso":false,"log_type":"account"}', '2024-10-30 21:32:27.758522+00', ''),
	('00000000-0000-0000-0000-000000000000', '29af9d43-f0fa-4726-a577-93ee85b5cbec', '{"action":"login","actor_id":"66f240f9-30d1-49ca-bc6c-a2e6872a531a","actor_username":"1@2.com","actor_via_sso":false,"log_type":"account","traits":{"provider":"email"}}', '2024-10-30 21:33:00.351168+00', ''),
	('00000000-0000-0000-0000-000000000000', '614e4c87-1bb7-444a-8711-98c7685492c3', '{"action":"logout","actor_id":"66f240f9-30d1-49ca-bc6c-a2e6872a531a","actor_username":"1@2.com","actor_via_sso":false,"log_type":"account"}', '2024-10-30 21:33:22.213349+00', ''),
	('00000000-0000-0000-0000-000000000000', 'aca34883-e3c7-4b69-a15a-653299c1cc8f', '{"action":"login","actor_id":"8d44df12-5ae2-4cfb-8110-5f2a076a049c","actor_username":"2@2.com","actor_via_sso":false,"log_type":"account","traits":{"provider":"email"}}', '2024-10-30 21:33:27.248602+00', ''),
	('00000000-0000-0000-0000-000000000000', 'd8c7ebb4-d9e3-4aea-bad1-05375140d610', '{"action":"logout","actor_id":"8d44df12-5ae2-4cfb-8110-5f2a076a049c","actor_username":"2@2.com","actor_via_sso":false,"log_type":"account"}', '2024-10-30 21:33:32.535878+00', ''),
	('00000000-0000-0000-0000-000000000000', '841e5492-173f-4f89-a63c-89771f1c18ea', '{"action":"user_recovery_requested","actor_id":"66f240f9-30d1-49ca-bc6c-a2e6872a531a","actor_username":"1@2.com","actor_via_sso":false,"log_type":"user"}', '2024-10-30 22:22:23.92915+00', ''),
	('00000000-0000-0000-0000-000000000000', 'ecfb60ee-3f27-4eb1-bd3f-b39c139b4402', '{"action":"user_recovery_requested","actor_id":"66f240f9-30d1-49ca-bc6c-a2e6872a531a","actor_username":"1@2.com","actor_via_sso":false,"log_type":"user"}', '2024-10-30 22:22:59.211626+00', ''),
	('00000000-0000-0000-0000-000000000000', 'af79d91c-0758-4bc1-9a72-054de4dc7ef2', '{"action":"user_recovery_requested","actor_id":"66f240f9-30d1-49ca-bc6c-a2e6872a531a","actor_username":"1@2.com","actor_via_sso":false,"log_type":"user"}', '2024-10-30 22:23:30.115883+00', ''),
	('00000000-0000-0000-0000-000000000000', '0eb755fe-6d4d-4e48-9f78-8e72e0eafcf9', '{"action":"user_recovery_requested","actor_id":"66f240f9-30d1-49ca-bc6c-a2e6872a531a","actor_username":"1@2.com","actor_via_sso":false,"log_type":"user"}', '2024-10-30 22:26:35.156442+00', ''),
	('00000000-0000-0000-0000-000000000000', '77269895-20a8-43f3-b31f-589ee6eef365', '{"action":"user_recovery_requested","actor_id":"66f240f9-30d1-49ca-bc6c-a2e6872a531a","actor_username":"1@2.com","actor_via_sso":false,"log_type":"user"}', '2024-10-30 22:27:49.127172+00', ''),
	('00000000-0000-0000-0000-000000000000', 'f1ec73ed-a45c-4c77-a4a1-ac1562026ff4', '{"action":"user_recovery_requested","actor_id":"66f240f9-30d1-49ca-bc6c-a2e6872a531a","actor_username":"1@2.com","actor_via_sso":false,"log_type":"user"}', '2024-10-30 22:29:21.040291+00', ''),
	('00000000-0000-0000-0000-000000000000', 'c4c14567-9c6b-446c-8ec3-5345f8c84fe1', '{"action":"user_recovery_requested","actor_id":"66f240f9-30d1-49ca-bc6c-a2e6872a531a","actor_username":"1@2.com","actor_via_sso":false,"log_type":"user"}', '2024-10-30 22:34:05.990191+00', ''),
	('00000000-0000-0000-0000-000000000000', 'c1890848-b000-447b-a85c-28c55ff64951', '{"action":"user_recovery_requested","actor_id":"66f240f9-30d1-49ca-bc6c-a2e6872a531a","actor_username":"1@2.com","actor_via_sso":false,"log_type":"user"}', '2024-10-30 22:46:49.248906+00', ''),
	('00000000-0000-0000-0000-000000000000', '422cf0ea-e41d-4da3-9ee4-fdcbdd84001b', '{"action":"login","actor_id":"66f240f9-30d1-49ca-bc6c-a2e6872a531a","actor_username":"1@2.com","actor_via_sso":false,"log_type":"account"}', '2024-10-30 22:47:07.624859+00', ''),
	('00000000-0000-0000-0000-000000000000', '91a79cf7-0152-421e-b913-652152085741', '{"action":"logout","actor_id":"66f240f9-30d1-49ca-bc6c-a2e6872a531a","actor_username":"1@2.com","actor_via_sso":false,"log_type":"account"}', '2024-10-30 22:47:13.328423+00', ''),
	('00000000-0000-0000-0000-000000000000', '786e1876-e107-4112-ab89-badac45d589f', '{"action":"user_recovery_requested","actor_id":"66f240f9-30d1-49ca-bc6c-a2e6872a531a","actor_username":"1@2.com","actor_via_sso":false,"log_type":"user"}', '2024-10-30 22:47:28.564051+00', ''),
	('00000000-0000-0000-0000-000000000000', 'c73d1a2e-3825-45c0-8632-ffbe7bca7d26', '{"action":"login","actor_id":"66f240f9-30d1-49ca-bc6c-a2e6872a531a","actor_username":"1@2.com","actor_via_sso":false,"log_type":"account"}', '2024-10-30 22:47:46.676405+00', ''),
	('00000000-0000-0000-0000-000000000000', '479ef440-55a5-40c6-87bf-a49becaf5fe2', '{"action":"logout","actor_id":"66f240f9-30d1-49ca-bc6c-a2e6872a531a","actor_username":"1@2.com","actor_via_sso":false,"log_type":"account"}', '2024-10-30 22:51:58.131204+00', ''),
	('00000000-0000-0000-0000-000000000000', 'a51a6505-8780-43aa-8dd3-5f9995b226dc', '{"action":"user_recovery_requested","actor_id":"66f240f9-30d1-49ca-bc6c-a2e6872a531a","actor_username":"1@2.com","actor_via_sso":false,"log_type":"user"}', '2024-10-30 22:52:08.315991+00', ''),
	('00000000-0000-0000-0000-000000000000', '9a06d23a-6d74-4890-9c59-ddefc51f05da', '{"action":"user_recovery_requested","actor_id":"66f240f9-30d1-49ca-bc6c-a2e6872a531a","actor_username":"1@2.com","actor_via_sso":false,"log_type":"user"}', '2024-10-30 22:57:31.956087+00', ''),
	('00000000-0000-0000-0000-000000000000', '6fea5496-acf9-4bb5-a03e-fc55e331d65f', '{"action":"user_recovery_requested","actor_id":"66f240f9-30d1-49ca-bc6c-a2e6872a531a","actor_username":"1@2.com","actor_via_sso":false,"log_type":"user"}', '2024-10-30 22:58:13.819744+00', ''),
	('00000000-0000-0000-0000-000000000000', 'b66afc5b-5b72-44e7-978b-d56af470de85', '{"action":"user_recovery_requested","actor_id":"66f240f9-30d1-49ca-bc6c-a2e6872a531a","actor_username":"1@2.com","actor_via_sso":false,"log_type":"user"}', '2024-10-30 23:14:38.580925+00', ''),
	('00000000-0000-0000-0000-000000000000', '64773db5-48b9-47e7-873a-f3658e336c33', '{"action":"login","actor_id":"66f240f9-30d1-49ca-bc6c-a2e6872a531a","actor_username":"1@2.com","actor_via_sso":false,"log_type":"account"}', '2024-10-30 23:14:50.535012+00', ''),
	('00000000-0000-0000-0000-000000000000', '77eacdff-c22e-430e-b13f-19672afa5fac', '{"action":"logout","actor_id":"66f240f9-30d1-49ca-bc6c-a2e6872a531a","actor_username":"1@2.com","actor_via_sso":false,"log_type":"account"}', '2024-10-30 23:16:29.074516+00', ''),
	('00000000-0000-0000-0000-000000000000', 'afc71242-b430-4d70-a811-4173a244b66d', '{"action":"user_recovery_requested","actor_id":"8d44df12-5ae2-4cfb-8110-5f2a076a049c","actor_username":"2@2.com","actor_via_sso":false,"log_type":"user"}', '2024-10-30 23:17:00.255623+00', ''),
	('00000000-0000-0000-0000-000000000000', 'd658d27e-ec3d-45c2-8075-a2a49ab9f021', '{"action":"login","actor_id":"8d44df12-5ae2-4cfb-8110-5f2a076a049c","actor_username":"2@2.com","actor_via_sso":false,"log_type":"account"}', '2024-10-30 23:17:11.039192+00', ''),
	('00000000-0000-0000-0000-000000000000', 'f68ed749-4b21-4585-b920-05e1777b07b7', '{"action":"logout","actor_id":"8d44df12-5ae2-4cfb-8110-5f2a076a049c","actor_username":"2@2.com","actor_via_sso":false,"log_type":"account"}', '2024-10-30 23:39:08.479772+00', ''),
	('00000000-0000-0000-0000-000000000000', '611cfac8-968e-4c38-a4e8-471267e764ad', '{"action":"user_recovery_requested","actor_id":"8d44df12-5ae2-4cfb-8110-5f2a076a049c","actor_username":"2@2.com","actor_via_sso":false,"log_type":"user"}', '2024-10-30 23:39:20.505884+00', ''),
	('00000000-0000-0000-0000-000000000000', 'c67dc3ab-af3e-422a-89ee-da962efb0d57', '{"action":"login","actor_id":"8d44df12-5ae2-4cfb-8110-5f2a076a049c","actor_username":"2@2.com","actor_via_sso":false,"log_type":"account"}', '2024-10-30 23:39:33.087239+00', ''),
	('00000000-0000-0000-0000-000000000000', '9e21ebca-6d89-4e73-9c68-3f1f73c7934a', '{"action":"user_updated_password","actor_id":"8d44df12-5ae2-4cfb-8110-5f2a076a049c","actor_username":"2@2.com","actor_via_sso":false,"log_type":"user"}', '2024-10-30 23:40:00.873928+00', ''),
	('00000000-0000-0000-0000-000000000000', '70331c3e-3e90-465c-a48e-a7761089f002', '{"action":"user_modified","actor_id":"8d44df12-5ae2-4cfb-8110-5f2a076a049c","actor_username":"2@2.com","actor_via_sso":false,"log_type":"user"}', '2024-10-30 23:40:00.874269+00', ''),
	('00000000-0000-0000-0000-000000000000', '460d4505-9252-4de0-a549-7a12e2f9864a', '{"action":"logout","actor_id":"8d44df12-5ae2-4cfb-8110-5f2a076a049c","actor_username":"2@2.com","actor_via_sso":false,"log_type":"account"}', '2024-10-30 23:40:08.297076+00', ''),
	('00000000-0000-0000-0000-000000000000', '6b9248f8-c0e3-4b52-9d5c-8c20badc7c81', '{"action":"login","actor_id":"8d44df12-5ae2-4cfb-8110-5f2a076a049c","actor_username":"2@2.com","actor_via_sso":false,"log_type":"account","traits":{"provider":"email"}}', '2024-10-30 23:40:17.18385+00', ''),
	('00000000-0000-0000-0000-000000000000', '4e897373-002d-4a5b-840c-333c5e5cbe6d', '{"action":"logout","actor_id":"8d44df12-5ae2-4cfb-8110-5f2a076a049c","actor_username":"2@2.com","actor_via_sso":false,"log_type":"account"}', '2024-10-30 23:40:24.34846+00', ''),
	('00000000-0000-0000-0000-000000000000', '967d01b1-d00b-42b2-ba73-71d0c4229e8b', '{"action":"user_recovery_requested","actor_id":"8d44df12-5ae2-4cfb-8110-5f2a076a049c","actor_username":"2@2.com","actor_via_sso":false,"log_type":"user"}', '2024-10-30 23:47:24.591887+00', ''),
	('00000000-0000-0000-0000-000000000000', '75c40084-0758-4c29-a1aa-aa7a0984489c', '{"action":"login","actor_id":"8d44df12-5ae2-4cfb-8110-5f2a076a049c","actor_username":"2@2.com","actor_via_sso":false,"log_type":"account"}', '2024-10-30 23:47:34.621867+00', ''),
	('00000000-0000-0000-0000-000000000000', 'e314986b-add4-4219-b837-d29fbc200950', '{"action":"user_updated_password","actor_id":"8d44df12-5ae2-4cfb-8110-5f2a076a049c","actor_username":"2@2.com","actor_via_sso":false,"log_type":"user"}', '2024-10-30 23:47:44.541636+00', ''),
	('00000000-0000-0000-0000-000000000000', 'b4ef7ce0-3712-47ae-8e71-0daa9b7d8c09', '{"action":"user_modified","actor_id":"8d44df12-5ae2-4cfb-8110-5f2a076a049c","actor_username":"2@2.com","actor_via_sso":false,"log_type":"user"}', '2024-10-30 23:47:44.542012+00', ''),
	('00000000-0000-0000-0000-000000000000', 'b03e4353-cf6a-45eb-9f19-a7ff63f7d15b', '{"action":"logout","actor_id":"8d44df12-5ae2-4cfb-8110-5f2a076a049c","actor_username":"2@2.com","actor_via_sso":false,"log_type":"account"}', '2024-10-30 23:48:26.523232+00', ''),
	('00000000-0000-0000-0000-000000000000', '9a1751df-7e7f-4f8e-a01c-feee72b09f0f', '{"action":"login","actor_id":"8d44df12-5ae2-4cfb-8110-5f2a076a049c","actor_username":"2@2.com","actor_via_sso":false,"log_type":"account","traits":{"provider":"email"}}', '2024-10-30 23:48:33.393674+00', ''),
	('00000000-0000-0000-0000-000000000000', '8b97d09d-d1fc-49f4-b470-b173c2564771', '{"action":"logout","actor_id":"8d44df12-5ae2-4cfb-8110-5f2a076a049c","actor_username":"2@2.com","actor_via_sso":false,"log_type":"account"}', '2024-10-30 23:50:48.660489+00', ''),
	('00000000-0000-0000-0000-000000000000', '87e5274f-9edd-43ed-8d1b-85edc31733da', '{"action":"user_recovery_requested","actor_id":"8d44df12-5ae2-4cfb-8110-5f2a076a049c","actor_username":"2@2.com","actor_via_sso":false,"log_type":"user"}', '2024-10-30 23:50:58.777195+00', ''),
	('00000000-0000-0000-0000-000000000000', '4b539353-37d6-454b-a656-5f5b23dac528', '{"action":"login","actor_id":"8d44df12-5ae2-4cfb-8110-5f2a076a049c","actor_username":"2@2.com","actor_via_sso":false,"log_type":"account"}', '2024-10-30 23:51:11.74237+00', ''),
	('00000000-0000-0000-0000-000000000000', '535fe96d-023c-4287-b7be-53b3320e677d', '{"action":"user_updated_password","actor_id":"8d44df12-5ae2-4cfb-8110-5f2a076a049c","actor_username":"2@2.com","actor_via_sso":false,"log_type":"user"}', '2024-10-30 23:51:23.264181+00', ''),
	('00000000-0000-0000-0000-000000000000', 'eab24ef4-f124-45fd-b428-5e826d822074', '{"action":"user_modified","actor_id":"8d44df12-5ae2-4cfb-8110-5f2a076a049c","actor_username":"2@2.com","actor_via_sso":false,"log_type":"user"}', '2024-10-30 23:51:23.264542+00', ''),
	('00000000-0000-0000-0000-000000000000', 'aeabaf8d-fb4c-4765-87b2-bfee78eb684c', '{"action":"user_updated_password","actor_id":"8d44df12-5ae2-4cfb-8110-5f2a076a049c","actor_username":"2@2.com","actor_via_sso":false,"log_type":"user"}', '2024-10-30 23:52:01.48371+00', ''),
	('00000000-0000-0000-0000-000000000000', 'e967a0ae-9fb7-4635-a55e-1e452b50b001', '{"action":"user_modified","actor_id":"8d44df12-5ae2-4cfb-8110-5f2a076a049c","actor_username":"2@2.com","actor_via_sso":false,"log_type":"user"}', '2024-10-30 23:52:01.484084+00', ''),
	('00000000-0000-0000-0000-000000000000', '81483dce-3d0f-476f-96d8-2a87aee43a22', '{"action":"logout","actor_id":"8d44df12-5ae2-4cfb-8110-5f2a076a049c","actor_username":"2@2.com","actor_via_sso":false,"log_type":"account"}', '2024-10-30 23:52:08.168545+00', ''),
	('00000000-0000-0000-0000-000000000000', '70cd7e00-3b43-4d71-93c0-a897cb282073', '{"action":"login","actor_id":"8d44df12-5ae2-4cfb-8110-5f2a076a049c","actor_username":"2@2.com","actor_via_sso":false,"log_type":"account","traits":{"provider":"email"}}', '2024-10-30 23:52:14.943412+00', ''),
	('00000000-0000-0000-0000-000000000000', '6945242d-0285-4905-a64a-3b2d51ef90de', '{"action":"logout","actor_id":"8d44df12-5ae2-4cfb-8110-5f2a076a049c","actor_username":"2@2.com","actor_via_sso":false,"log_type":"account"}', '2024-10-30 23:53:45.031259+00', ''),
	('00000000-0000-0000-0000-000000000000', '5b248477-9703-4053-8475-f022fbc03083', '{"action":"login","actor_id":"8d44df12-5ae2-4cfb-8110-5f2a076a049c","actor_username":"2@2.com","actor_via_sso":false,"log_type":"account","traits":{"provider":"email"}}', '2024-10-30 23:54:10.551584+00', ''),
	('00000000-0000-0000-0000-000000000000', '308df7b9-68ed-4137-8a71-f4ee9ea71666', '{"action":"logout","actor_id":"8d44df12-5ae2-4cfb-8110-5f2a076a049c","actor_username":"2@2.com","actor_via_sso":false,"log_type":"account"}', '2024-10-30 23:55:10.009453+00', ''),
	('00000000-0000-0000-0000-000000000000', '6a35b34b-b74e-45c1-9620-3da683ead7f9', '{"action":"login","actor_id":"8d44df12-5ae2-4cfb-8110-5f2a076a049c","actor_username":"2@2.com","actor_via_sso":false,"log_type":"account","traits":{"provider":"email"}}', '2024-10-30 23:55:41.706425+00', ''),
	('00000000-0000-0000-0000-000000000000', 'd2d3f643-3549-4132-957e-99f2d4bf434b', '{"action":"user_updated_password","actor_id":"8d44df12-5ae2-4cfb-8110-5f2a076a049c","actor_username":"2@2.com","actor_via_sso":false,"log_type":"user"}', '2024-10-30 23:56:16.611588+00', ''),
	('00000000-0000-0000-0000-000000000000', '3cd41089-28a8-4110-8fc2-3e822fb94f31', '{"action":"user_modified","actor_id":"8d44df12-5ae2-4cfb-8110-5f2a076a049c","actor_username":"2@2.com","actor_via_sso":false,"log_type":"user"}', '2024-10-30 23:56:16.612068+00', ''),
	('00000000-0000-0000-0000-000000000000', 'bfe4f960-f69c-46a4-8ef9-4aa682305bcb', '{"action":"logout","actor_id":"8d44df12-5ae2-4cfb-8110-5f2a076a049c","actor_username":"2@2.com","actor_via_sso":false,"log_type":"account"}', '2024-10-30 23:56:21.355581+00', ''),
	('00000000-0000-0000-0000-000000000000', '3e89897d-9c7d-42f9-93b0-d7a231cf2e4e', '{"action":"login","actor_id":"8d44df12-5ae2-4cfb-8110-5f2a076a049c","actor_username":"2@2.com","actor_via_sso":false,"log_type":"account","traits":{"provider":"email"}}', '2024-10-30 23:56:27.369388+00', ''),
	('00000000-0000-0000-0000-000000000000', 'e4ac9030-7368-410e-bc09-18fe51de6292', '{"action":"logout","actor_id":"8d44df12-5ae2-4cfb-8110-5f2a076a049c","actor_username":"2@2.com","actor_via_sso":false,"log_type":"account"}', '2024-10-30 23:56:33.761495+00', ''),
	('00000000-0000-0000-0000-000000000000', '4a781203-0ed8-4adb-bb1c-8642de6d9172', '{"action":"login","actor_id":"66f240f9-30d1-49ca-bc6c-a2e6872a531a","actor_username":"1@2.com","actor_via_sso":false,"log_type":"account","traits":{"provider":"email"}}', '2024-11-02 10:41:47.592642+00', ''),
	('00000000-0000-0000-0000-000000000000', '3097ecc9-0525-4acb-b393-9a2aab5eb62a', '{"action":"logout","actor_id":"66f240f9-30d1-49ca-bc6c-a2e6872a531a","actor_username":"1@2.com","actor_via_sso":false,"log_type":"account"}', '2024-11-02 10:41:50.342186+00', ''),
	('00000000-0000-0000-0000-000000000000', '8137f224-d718-4b5d-b876-4f7b020b0659', '{"action":"login","actor_id":"66f240f9-30d1-49ca-bc6c-a2e6872a531a","actor_username":"1@2.com","actor_via_sso":false,"log_type":"account","traits":{"provider":"email"}}', '2024-11-02 15:44:33.816755+00', ''),
	('00000000-0000-0000-0000-000000000000', 'e7c25ac4-2a71-4e54-8e0f-4a2b50042059', '{"action":"token_refreshed","actor_id":"66f240f9-30d1-49ca-bc6c-a2e6872a531a","actor_username":"1@2.com","actor_via_sso":false,"log_type":"token"}', '2024-11-02 17:15:48.711747+00', ''),
	('00000000-0000-0000-0000-000000000000', '21bb9769-c95d-4d68-b274-4ed436f928fb', '{"action":"token_revoked","actor_id":"66f240f9-30d1-49ca-bc6c-a2e6872a531a","actor_username":"1@2.com","actor_via_sso":false,"log_type":"token"}', '2024-11-02 17:15:48.712424+00', ''),
	('00000000-0000-0000-0000-000000000000', 'd94cfdc9-9734-4bf4-92f4-ac7f5e218c08', '{"action":"token_refreshed","actor_id":"66f240f9-30d1-49ca-bc6c-a2e6872a531a","actor_username":"1@2.com","actor_via_sso":false,"log_type":"token"}', '2024-11-02 18:13:48.898104+00', ''),
	('00000000-0000-0000-0000-000000000000', '2c419094-943a-483b-a19c-b29970b802f8', '{"action":"token_revoked","actor_id":"66f240f9-30d1-49ca-bc6c-a2e6872a531a","actor_username":"1@2.com","actor_via_sso":false,"log_type":"token"}', '2024-11-02 18:13:48.898684+00', ''),
	('00000000-0000-0000-0000-000000000000', 'f1ef8e20-ea53-4241-9097-9a4e35c024db', '{"action":"logout","actor_id":"66f240f9-30d1-49ca-bc6c-a2e6872a531a","actor_username":"1@2.com","actor_via_sso":false,"log_type":"account"}', '2024-11-02 18:25:49.813706+00', ''),
	('00000000-0000-0000-0000-000000000000', 'aa006fab-f190-48df-9d2c-93a532658dc0', '{"action":"login","actor_id":"66f240f9-30d1-49ca-bc6c-a2e6872a531a","actor_username":"1@2.com","actor_via_sso":false,"log_type":"account","traits":{"provider":"email"}}', '2024-11-02 18:37:17.941612+00', ''),
	('00000000-0000-0000-0000-000000000000', 'fa8951f4-124c-46df-a42f-e0a442320cc2', '{"action":"logout","actor_id":"66f240f9-30d1-49ca-bc6c-a2e6872a531a","actor_username":"1@2.com","actor_via_sso":false,"log_type":"account"}', '2024-11-02 18:39:34.379722+00', ''),
	('00000000-0000-0000-0000-000000000000', 'eec54691-3b60-499a-9f12-a620db07d4b4', '{"action":"login","actor_id":"66f240f9-30d1-49ca-bc6c-a2e6872a531a","actor_username":"1@2.com","actor_via_sso":false,"log_type":"account","traits":{"provider":"email"}}', '2024-11-02 18:39:39.488608+00', ''),
	('00000000-0000-0000-0000-000000000000', '3a96a4fd-1948-4c2a-a8ce-19f4742ab667', '{"action":"logout","actor_id":"66f240f9-30d1-49ca-bc6c-a2e6872a531a","actor_username":"1@2.com","actor_via_sso":false,"log_type":"account"}', '2024-11-02 18:40:09.32524+00', ''),
	('00000000-0000-0000-0000-000000000000', 'aa0515e7-da57-4d13-8a4e-979ad0ca94f6', '{"action":"login","actor_id":"66f240f9-30d1-49ca-bc6c-a2e6872a531a","actor_username":"1@2.com","actor_via_sso":false,"log_type":"account","traits":{"provider":"email"}}', '2024-11-02 18:40:22.686738+00', ''),
	('00000000-0000-0000-0000-000000000000', 'a349409f-989d-4b67-8f91-df2d027de21f', '{"action":"logout","actor_id":"66f240f9-30d1-49ca-bc6c-a2e6872a531a","actor_username":"1@2.com","actor_via_sso":false,"log_type":"account"}', '2024-11-02 19:02:36.420504+00', ''),
	('00000000-0000-0000-0000-000000000000', '9257a514-83c3-40a1-b489-d11338cf7170', '{"action":"token_refreshed","actor_id":"66f240f9-30d1-49ca-bc6c-a2e6872a531a","actor_username":"1@2.com","actor_via_sso":false,"log_type":"token"}', '2024-11-08 09:01:55.592119+00', ''),
	('00000000-0000-0000-0000-000000000000', 'ea937efc-a363-410b-8abf-e67403ac1157', '{"action":"login","actor_id":"66f240f9-30d1-49ca-bc6c-a2e6872a531a","actor_username":"1@2.com","actor_via_sso":false,"log_type":"account","traits":{"provider":"email"}}', '2024-11-02 20:23:31.195615+00', ''),
	('00000000-0000-0000-0000-000000000000', '92f44557-7016-4d44-b06b-ca52425f6e4a', '{"action":"logout","actor_id":"66f240f9-30d1-49ca-bc6c-a2e6872a531a","actor_username":"1@2.com","actor_via_sso":false,"log_type":"account"}', '2024-11-02 20:27:46.604209+00', ''),
	('00000000-0000-0000-0000-000000000000', '37665fba-48cd-464b-bc08-e3ce9aaac326', '{"action":"login","actor_id":"66f240f9-30d1-49ca-bc6c-a2e6872a531a","actor_username":"1@2.com","actor_via_sso":false,"log_type":"account","traits":{"provider":"email"}}', '2024-11-02 20:31:40.157913+00', ''),
	('00000000-0000-0000-0000-000000000000', '9896f200-9aba-4783-b1a6-5d5c2074b818', '{"action":"logout","actor_id":"66f240f9-30d1-49ca-bc6c-a2e6872a531a","actor_username":"1@2.com","actor_via_sso":false,"log_type":"account"}', '2024-11-02 20:35:44.082133+00', ''),
	('00000000-0000-0000-0000-000000000000', '82f009c9-9ac4-4f64-8c59-7b461b4c1f8b', '{"action":"login","actor_id":"66f240f9-30d1-49ca-bc6c-a2e6872a531a","actor_username":"1@2.com","actor_via_sso":false,"log_type":"account","traits":{"provider":"email"}}', '2024-11-02 20:36:03.305371+00', ''),
	('00000000-0000-0000-0000-000000000000', 'df9d56dc-8c5c-483d-9989-c8659f98cf5c', '{"action":"logout","actor_id":"66f240f9-30d1-49ca-bc6c-a2e6872a531a","actor_username":"1@2.com","actor_via_sso":false,"log_type":"account"}', '2024-11-02 20:37:16.226962+00', ''),
	('00000000-0000-0000-0000-000000000000', 'c73d6e8b-427b-4c8c-8180-0c19ff9e148b', '{"action":"login","actor_id":"66f240f9-30d1-49ca-bc6c-a2e6872a531a","actor_username":"1@2.com","actor_via_sso":false,"log_type":"account","traits":{"provider":"email"}}', '2024-11-02 20:37:34.03704+00', ''),
	('00000000-0000-0000-0000-000000000000', '6a20981a-e318-4532-865a-6cc078381164', '{"action":"logout","actor_id":"66f240f9-30d1-49ca-bc6c-a2e6872a531a","actor_username":"1@2.com","actor_via_sso":false,"log_type":"account"}', '2024-11-02 20:39:00.538696+00', ''),
	('00000000-0000-0000-0000-000000000000', 'acf03824-d0cd-4122-97e0-a3daaa1d3b5d', '{"action":"login","actor_id":"66f240f9-30d1-49ca-bc6c-a2e6872a531a","actor_username":"1@2.com","actor_via_sso":false,"log_type":"account","traits":{"provider":"email"}}', '2024-11-02 20:39:28.098713+00', ''),
	('00000000-0000-0000-0000-000000000000', 'fde6459a-6ae9-4e2f-9540-0a2143fc2de2', '{"action":"logout","actor_id":"66f240f9-30d1-49ca-bc6c-a2e6872a531a","actor_username":"1@2.com","actor_via_sso":false,"log_type":"account"}', '2024-11-02 20:40:46.287734+00', ''),
	('00000000-0000-0000-0000-000000000000', '9f6b7ee2-9dc0-4f6f-9e03-b03c8a5f97d4', '{"action":"login","actor_id":"66f240f9-30d1-49ca-bc6c-a2e6872a531a","actor_username":"1@2.com","actor_via_sso":false,"log_type":"account","traits":{"provider":"email"}}', '2024-11-02 20:41:26.962439+00', ''),
	('00000000-0000-0000-0000-000000000000', '2326334b-a8e6-4961-aee2-12da18453b71', '{"action":"logout","actor_id":"66f240f9-30d1-49ca-bc6c-a2e6872a531a","actor_username":"1@2.com","actor_via_sso":false,"log_type":"account"}', '2024-11-02 20:49:03.707586+00', ''),
	('00000000-0000-0000-0000-000000000000', '160a6c64-4cf9-44fa-b0ab-a6d9d7efd934', '{"action":"login","actor_id":"66f240f9-30d1-49ca-bc6c-a2e6872a531a","actor_username":"1@2.com","actor_via_sso":false,"log_type":"account","traits":{"provider":"email"}}', '2024-11-02 20:49:19.939722+00', ''),
	('00000000-0000-0000-0000-000000000000', 'a7935368-ec86-4af9-8fb6-284a1190c745', '{"action":"logout","actor_id":"66f240f9-30d1-49ca-bc6c-a2e6872a531a","actor_username":"1@2.com","actor_via_sso":false,"log_type":"account"}', '2024-11-02 20:56:15.055955+00', ''),
	('00000000-0000-0000-0000-000000000000', '52f1ab5d-a600-4b5c-a583-cca5808fb9ea', '{"action":"login","actor_id":"66f240f9-30d1-49ca-bc6c-a2e6872a531a","actor_username":"1@2.com","actor_via_sso":false,"log_type":"account","traits":{"provider":"email"}}', '2024-11-02 21:06:02.029671+00', ''),
	('00000000-0000-0000-0000-000000000000', 'c3f8fed5-fa4b-406f-aa82-6b72820acc67', '{"action":"login","actor_id":"66f240f9-30d1-49ca-bc6c-a2e6872a531a","actor_username":"1@2.com","actor_via_sso":false,"log_type":"account","traits":{"provider":"email"}}', '2024-11-02 21:07:39.045771+00', ''),
	('00000000-0000-0000-0000-000000000000', '4b467c96-4ecb-4de6-b41b-4fd6bf535110', '{"action":"login","actor_id":"66f240f9-30d1-49ca-bc6c-a2e6872a531a","actor_username":"1@2.com","actor_via_sso":false,"log_type":"account","traits":{"provider":"email"}}', '2024-11-02 21:13:27.46313+00', ''),
	('00000000-0000-0000-0000-000000000000', '064cba09-d320-4bb5-a5c2-ccff3ad74d33', '{"action":"logout","actor_id":"66f240f9-30d1-49ca-bc6c-a2e6872a531a","actor_username":"1@2.com","actor_via_sso":false,"log_type":"account"}', '2024-11-02 21:16:36.256805+00', ''),
	('00000000-0000-0000-0000-000000000000', '09393e55-b8b4-46c2-a4cc-35018aa2e11c', '{"action":"login","actor_id":"66f240f9-30d1-49ca-bc6c-a2e6872a531a","actor_username":"1@2.com","actor_via_sso":false,"log_type":"account","traits":{"provider":"email"}}', '2024-11-02 21:16:52.880684+00', ''),
	('00000000-0000-0000-0000-000000000000', 'a2681e43-5052-440a-943c-761f593178dc', '{"action":"logout","actor_id":"66f240f9-30d1-49ca-bc6c-a2e6872a531a","actor_username":"1@2.com","actor_via_sso":false,"log_type":"account"}', '2024-11-02 21:17:08.692594+00', ''),
	('00000000-0000-0000-0000-000000000000', 'cd63fcc2-59c0-4504-a5b8-28a427a50b30', '{"action":"login","actor_id":"66f240f9-30d1-49ca-bc6c-a2e6872a531a","actor_username":"1@2.com","actor_via_sso":false,"log_type":"account","traits":{"provider":"email"}}', '2024-11-02 21:17:23.868834+00', ''),
	('00000000-0000-0000-0000-000000000000', '84c52347-6b43-40b3-8c6e-512213f5b3f3', '{"action":"logout","actor_id":"66f240f9-30d1-49ca-bc6c-a2e6872a531a","actor_username":"1@2.com","actor_via_sso":false,"log_type":"account"}', '2024-11-02 21:17:29.55987+00', ''),
	('00000000-0000-0000-0000-000000000000', 'e21a6390-9a0b-4438-b521-f9f4096c7926', '{"action":"login","actor_id":"66f240f9-30d1-49ca-bc6c-a2e6872a531a","actor_username":"1@2.com","actor_via_sso":false,"log_type":"account","traits":{"provider":"email"}}', '2024-11-02 21:17:46.413775+00', ''),
	('00000000-0000-0000-0000-000000000000', 'e236d9d3-ad5c-4932-97be-ab38801efbdb', '{"action":"logout","actor_id":"66f240f9-30d1-49ca-bc6c-a2e6872a531a","actor_username":"1@2.com","actor_via_sso":false,"log_type":"account"}', '2024-11-02 21:20:29.100572+00', ''),
	('00000000-0000-0000-0000-000000000000', 'b9abec2b-e3af-491a-8954-c541546173b8', '{"action":"login","actor_id":"66f240f9-30d1-49ca-bc6c-a2e6872a531a","actor_username":"1@2.com","actor_via_sso":false,"log_type":"account","traits":{"provider":"email"}}', '2024-11-02 21:21:08.033115+00', ''),
	('00000000-0000-0000-0000-000000000000', 'ff3a5eb7-58b8-4bbc-b3df-e77c1b42933c', '{"action":"logout","actor_id":"66f240f9-30d1-49ca-bc6c-a2e6872a531a","actor_username":"1@2.com","actor_via_sso":false,"log_type":"account"}', '2024-11-02 21:21:17.637508+00', ''),
	('00000000-0000-0000-0000-000000000000', 'fd6652e9-70e3-456a-8dec-2e8327a5d651', '{"action":"login","actor_id":"66f240f9-30d1-49ca-bc6c-a2e6872a531a","actor_username":"1@2.com","actor_via_sso":false,"log_type":"account","traits":{"provider":"email"}}', '2024-11-02 21:21:34.400785+00', ''),
	('00000000-0000-0000-0000-000000000000', 'd738a068-5bd8-41fc-aa92-49fb1025950a', '{"action":"logout","actor_id":"66f240f9-30d1-49ca-bc6c-a2e6872a531a","actor_username":"1@2.com","actor_via_sso":false,"log_type":"account"}', '2024-11-02 21:22:17.905675+00', ''),
	('00000000-0000-0000-0000-000000000000', '08e64ec4-2644-433c-9f10-553bca9868ee', '{"action":"login","actor_id":"66f240f9-30d1-49ca-bc6c-a2e6872a531a","actor_username":"1@2.com","actor_via_sso":false,"log_type":"account","traits":{"provider":"email"}}', '2024-11-02 21:23:36.107465+00', ''),
	('00000000-0000-0000-0000-000000000000', '5441838f-bcb6-49a3-a4a3-040425e6e7e3', '{"action":"logout","actor_id":"66f240f9-30d1-49ca-bc6c-a2e6872a531a","actor_username":"1@2.com","actor_via_sso":false,"log_type":"account"}', '2024-11-02 21:24:27.913557+00', ''),
	('00000000-0000-0000-0000-000000000000', 'a40738fb-d9d7-4b8f-b07a-cfa6ba0683e4', '{"action":"login","actor_id":"66f240f9-30d1-49ca-bc6c-a2e6872a531a","actor_username":"1@2.com","actor_via_sso":false,"log_type":"account","traits":{"provider":"email"}}', '2024-11-02 21:25:22.04742+00', ''),
	('00000000-0000-0000-0000-000000000000', '27a5bd51-7c2e-4110-825a-fb981d952e05', '{"action":"logout","actor_id":"66f240f9-30d1-49ca-bc6c-a2e6872a531a","actor_username":"1@2.com","actor_via_sso":false,"log_type":"account"}', '2024-11-02 21:42:54.739951+00', ''),
	('00000000-0000-0000-0000-000000000000', '9547a10d-6b65-4e68-957c-f522ab763648', '{"action":"login","actor_id":"66f240f9-30d1-49ca-bc6c-a2e6872a531a","actor_username":"1@2.com","actor_via_sso":false,"log_type":"account","traits":{"provider":"email"}}', '2024-11-02 21:43:11.955184+00', ''),
	('00000000-0000-0000-0000-000000000000', '0279c9dc-b5fe-4252-b715-653b7ae18948', '{"action":"logout","actor_id":"66f240f9-30d1-49ca-bc6c-a2e6872a531a","actor_username":"1@2.com","actor_via_sso":false,"log_type":"account"}', '2024-11-02 21:43:49.374994+00', ''),
	('00000000-0000-0000-0000-000000000000', '667913c2-07ad-44b0-aeea-8b34cffb24e1', '{"action":"login","actor_id":"66f240f9-30d1-49ca-bc6c-a2e6872a531a","actor_username":"1@2.com","actor_via_sso":false,"log_type":"account","traits":{"provider":"email"}}', '2024-11-02 21:44:04.771877+00', ''),
	('00000000-0000-0000-0000-000000000000', 'cd50fe45-d982-4c58-bfaf-5caeb30b316e', '{"action":"logout","actor_id":"66f240f9-30d1-49ca-bc6c-a2e6872a531a","actor_username":"1@2.com","actor_via_sso":false,"log_type":"account"}', '2024-11-02 21:44:09.125149+00', ''),
	('00000000-0000-0000-0000-000000000000', 'd7be8dd1-d508-49e5-b634-a502719a893a', '{"action":"login","actor_id":"66f240f9-30d1-49ca-bc6c-a2e6872a531a","actor_username":"1@2.com","actor_via_sso":false,"log_type":"account","traits":{"provider":"email"}}', '2024-11-02 21:44:54.43223+00', ''),
	('00000000-0000-0000-0000-000000000000', '58cbc36e-2f31-4eb1-877b-4965703b8c9b', '{"action":"logout","actor_id":"66f240f9-30d1-49ca-bc6c-a2e6872a531a","actor_username":"1@2.com","actor_via_sso":false,"log_type":"account"}', '2024-11-02 21:46:07.866788+00', ''),
	('00000000-0000-0000-0000-000000000000', '84a404ab-ed03-437c-aa56-fcc42675326b', '{"action":"login","actor_id":"66f240f9-30d1-49ca-bc6c-a2e6872a531a","actor_username":"1@2.com","actor_via_sso":false,"log_type":"account","traits":{"provider":"email"}}', '2024-11-02 21:46:22.51744+00', ''),
	('00000000-0000-0000-0000-000000000000', '9fb8a69e-03f3-4f23-923c-ee50374bd0fd', '{"action":"logout","actor_id":"66f240f9-30d1-49ca-bc6c-a2e6872a531a","actor_username":"1@2.com","actor_via_sso":false,"log_type":"account"}', '2024-11-02 21:47:02.02577+00', ''),
	('00000000-0000-0000-0000-000000000000', '04f6d2c2-be63-4892-aa60-a1b78a03ec2e', '{"action":"login","actor_id":"66f240f9-30d1-49ca-bc6c-a2e6872a531a","actor_username":"1@2.com","actor_via_sso":false,"log_type":"account","traits":{"provider":"email"}}', '2024-11-02 21:47:11.813246+00', ''),
	('00000000-0000-0000-0000-000000000000', '465ee19b-a33b-4354-84ec-01cb42932b87', '{"action":"logout","actor_id":"66f240f9-30d1-49ca-bc6c-a2e6872a531a","actor_username":"1@2.com","actor_via_sso":false,"log_type":"account"}', '2024-11-02 21:49:46.111434+00', ''),
	('00000000-0000-0000-0000-000000000000', 'ad2d5991-e8de-49bf-9dbb-60769559f909', '{"action":"login","actor_id":"66f240f9-30d1-49ca-bc6c-a2e6872a531a","actor_username":"1@2.com","actor_via_sso":false,"log_type":"account","traits":{"provider":"email"}}', '2024-11-02 21:59:07.909759+00', ''),
	('00000000-0000-0000-0000-000000000000', '688b511a-6456-46a9-b04b-1f0d543dbaa7', '{"action":"logout","actor_id":"66f240f9-30d1-49ca-bc6c-a2e6872a531a","actor_username":"1@2.com","actor_via_sso":false,"log_type":"account"}', '2024-11-02 21:59:10.489987+00', ''),
	('00000000-0000-0000-0000-000000000000', '894c6468-f6da-4218-8fe5-2d22eabd87e2', '{"action":"login","actor_id":"66f240f9-30d1-49ca-bc6c-a2e6872a531a","actor_username":"1@2.com","actor_via_sso":false,"log_type":"account","traits":{"provider":"email"}}', '2024-11-03 18:50:23.178487+00', ''),
	('00000000-0000-0000-0000-000000000000', '669981d4-96b7-40d5-8f7c-fc35e3db5e26', '{"action":"logout","actor_id":"66f240f9-30d1-49ca-bc6c-a2e6872a531a","actor_username":"1@2.com","actor_via_sso":false,"log_type":"account"}', '2024-11-03 18:55:31.818956+00', ''),
	('00000000-0000-0000-0000-000000000000', '76f7db06-9408-41e3-afee-0f1603f841ce', '{"action":"login","actor_id":"66f240f9-30d1-49ca-bc6c-a2e6872a531a","actor_username":"1@2.com","actor_via_sso":false,"log_type":"account","traits":{"provider":"email"}}', '2024-11-03 18:55:40.968074+00', ''),
	('00000000-0000-0000-0000-000000000000', '6b99c3c7-4b8a-4835-b0a7-5f2d3b029799', '{"action":"logout","actor_id":"66f240f9-30d1-49ca-bc6c-a2e6872a531a","actor_username":"1@2.com","actor_via_sso":false,"log_type":"account"}', '2024-11-03 18:56:18.274569+00', ''),
	('00000000-0000-0000-0000-000000000000', '32a9b336-6909-4063-873d-dedb4f10c028', '{"action":"login","actor_id":"66f240f9-30d1-49ca-bc6c-a2e6872a531a","actor_username":"1@2.com","actor_via_sso":false,"log_type":"account","traits":{"provider":"email"}}', '2024-11-03 18:56:35.557917+00', ''),
	('00000000-0000-0000-0000-000000000000', 'c7f48e0a-da47-40ac-91a7-876649cc9238', '{"action":"logout","actor_id":"66f240f9-30d1-49ca-bc6c-a2e6872a531a","actor_username":"1@2.com","actor_via_sso":false,"log_type":"account"}', '2024-11-03 18:57:58.532688+00', ''),
	('00000000-0000-0000-0000-000000000000', '6929c706-bdb1-4ac3-bdac-1a959c3bbc79', '{"action":"user_recovery_requested","actor_id":"66f240f9-30d1-49ca-bc6c-a2e6872a531a","actor_username":"1@2.com","actor_via_sso":false,"log_type":"user"}', '2024-11-03 18:58:02.836412+00', ''),
	('00000000-0000-0000-0000-000000000000', 'baac951f-5dac-46c9-8974-0d53e8330d24', '{"action":"login","actor_id":"66f240f9-30d1-49ca-bc6c-a2e6872a531a","actor_username":"1@2.com","actor_via_sso":false,"log_type":"account"}', '2024-11-03 18:58:27.0676+00', ''),
	('00000000-0000-0000-0000-000000000000', '189614cd-5118-479e-9df4-a86c5726db04', '{"action":"logout","actor_id":"66f240f9-30d1-49ca-bc6c-a2e6872a531a","actor_username":"1@2.com","actor_via_sso":false,"log_type":"account"}', '2024-11-03 18:59:16.258618+00', ''),
	('00000000-0000-0000-0000-000000000000', '8ddc8afa-5895-44ea-afa2-450cf4bd6959', '{"action":"login","actor_id":"66f240f9-30d1-49ca-bc6c-a2e6872a531a","actor_username":"1@2.com","actor_via_sso":false,"log_type":"account","traits":{"provider":"email"}}', '2024-11-03 18:59:28.625383+00', ''),
	('00000000-0000-0000-0000-000000000000', 'e68f4290-f4f2-4ca9-b2eb-efda72be38c8', '{"action":"logout","actor_id":"66f240f9-30d1-49ca-bc6c-a2e6872a531a","actor_username":"1@2.com","actor_via_sso":false,"log_type":"account"}', '2024-11-03 19:46:07.428896+00', ''),
	('00000000-0000-0000-0000-000000000000', '01ba1669-3f95-4762-afbf-439ea5d65565', '{"action":"user_recovery_requested","actor_id":"8d44df12-5ae2-4cfb-8110-5f2a076a049c","actor_username":"2@2.com","actor_via_sso":false,"log_type":"user"}', '2024-11-03 19:55:21.45969+00', ''),
	('00000000-0000-0000-0000-000000000000', '4facebbf-1723-4c27-b7f8-ee406a410a55', '{"action":"login","actor_id":"8d44df12-5ae2-4cfb-8110-5f2a076a049c","actor_username":"2@2.com","actor_via_sso":false,"log_type":"account"}', '2024-11-03 19:55:33.075284+00', ''),
	('00000000-0000-0000-0000-000000000000', 'c26db18d-bcd6-4e9e-8bc5-dc6dea38c605', '{"action":"logout","actor_id":"8d44df12-5ae2-4cfb-8110-5f2a076a049c","actor_username":"2@2.com","actor_via_sso":false,"log_type":"account"}', '2024-11-03 19:55:58.560812+00', ''),
	('00000000-0000-0000-0000-000000000000', '843cd6ff-7a23-4901-92ce-a91154e6b2ef', '{"action":"user_recovery_requested","actor_id":"8d44df12-5ae2-4cfb-8110-5f2a076a049c","actor_username":"2@2.com","actor_via_sso":false,"log_type":"user"}', '2024-11-03 19:56:11.326951+00', ''),
	('00000000-0000-0000-0000-000000000000', '1a51565b-ec29-4fa5-b3e6-5cbb45e0ebce', '{"action":"login","actor_id":"8d44df12-5ae2-4cfb-8110-5f2a076a049c","actor_username":"2@2.com","actor_via_sso":false,"log_type":"account"}', '2024-11-03 19:56:18.861641+00', ''),
	('00000000-0000-0000-0000-000000000000', 'b92a4651-21d1-4509-a4c9-dcf8cd7f2192', '{"action":"logout","actor_id":"8d44df12-5ae2-4cfb-8110-5f2a076a049c","actor_username":"2@2.com","actor_via_sso":false,"log_type":"account"}', '2024-11-03 19:56:44.635224+00', ''),
	('00000000-0000-0000-0000-000000000000', '1707b2ee-e2d0-4b89-991f-c57c3beae101', '{"action":"user_recovery_requested","actor_id":"8d44df12-5ae2-4cfb-8110-5f2a076a049c","actor_username":"2@2.com","actor_via_sso":false,"log_type":"user"}', '2024-11-03 19:56:59.005796+00', ''),
	('00000000-0000-0000-0000-000000000000', 'b5ebbe1f-835b-47a7-9ecc-ad26be29a634', '{"action":"login","actor_id":"8d44df12-5ae2-4cfb-8110-5f2a076a049c","actor_username":"2@2.com","actor_via_sso":false,"log_type":"account"}', '2024-11-03 19:57:04.522711+00', ''),
	('00000000-0000-0000-0000-000000000000', '89f2ab91-854d-4776-a318-ce0b7a229add', '{"action":"logout","actor_id":"8d44df12-5ae2-4cfb-8110-5f2a076a049c","actor_username":"2@2.com","actor_via_sso":false,"log_type":"account"}', '2024-11-03 20:01:14.464666+00', ''),
	('00000000-0000-0000-0000-000000000000', '3ed5947e-80f5-43e4-a1aa-a284d9aaedb3', '{"action":"user_recovery_requested","actor_id":"8d44df12-5ae2-4cfb-8110-5f2a076a049c","actor_username":"2@2.com","actor_via_sso":false,"log_type":"user"}', '2024-11-03 20:21:41.029765+00', ''),
	('00000000-0000-0000-0000-000000000000', '596addcc-1e90-44e0-95bf-6a173cb7c30b', '{"action":"login","actor_id":"8d44df12-5ae2-4cfb-8110-5f2a076a049c","actor_username":"2@2.com","actor_via_sso":false,"log_type":"account"}', '2024-11-03 20:21:51.420846+00', ''),
	('00000000-0000-0000-0000-000000000000', '8b86f3b9-6ab2-4551-8999-2466612de789', '{"action":"logout","actor_id":"8d44df12-5ae2-4cfb-8110-5f2a076a049c","actor_username":"2@2.com","actor_via_sso":false,"log_type":"account"}', '2024-11-03 20:23:30.492612+00', ''),
	('00000000-0000-0000-0000-000000000000', '6259695a-6790-4d7c-b5f8-05aa2799dcc4', '{"action":"login","actor_id":"66f240f9-30d1-49ca-bc6c-a2e6872a531a","actor_username":"1@2.com","actor_via_sso":false,"log_type":"account","traits":{"provider":"email"}}', '2024-11-03 22:27:27.791731+00', ''),
	('00000000-0000-0000-0000-000000000000', '228dcb57-a970-412a-b939-9e5c96c77a15', '{"action":"logout","actor_id":"66f240f9-30d1-49ca-bc6c-a2e6872a531a","actor_username":"1@2.com","actor_via_sso":false,"log_type":"account"}', '2024-11-03 22:28:51.941993+00', ''),
	('00000000-0000-0000-0000-000000000000', 'c72170df-02e0-4072-993f-8b393ed3f2b4', '{"action":"user_recovery_requested","actor_id":"8d44df12-5ae2-4cfb-8110-5f2a076a049c","actor_username":"2@2.com","actor_via_sso":false,"log_type":"user"}', '2024-11-03 22:29:15.199587+00', ''),
	('00000000-0000-0000-0000-000000000000', '733bd8bf-24ea-4f55-9d02-8599db4e0f6b', '{"action":"login","actor_id":"8d44df12-5ae2-4cfb-8110-5f2a076a049c","actor_username":"2@2.com","actor_via_sso":false,"log_type":"account"}', '2024-11-03 22:30:12.342351+00', ''),
	('00000000-0000-0000-0000-000000000000', '382038c2-f4b6-40d1-8941-7db49dfee26f', '{"action":"user_updated_password","actor_id":"8d44df12-5ae2-4cfb-8110-5f2a076a049c","actor_username":"2@2.com","actor_via_sso":false,"log_type":"user"}', '2024-11-03 22:30:35.577983+00', ''),
	('00000000-0000-0000-0000-000000000000', 'bd072851-62b5-4338-9593-64b40982dddb', '{"action":"user_modified","actor_id":"8d44df12-5ae2-4cfb-8110-5f2a076a049c","actor_username":"2@2.com","actor_via_sso":false,"log_type":"user"}', '2024-11-03 22:30:35.57864+00', ''),
	('00000000-0000-0000-0000-000000000000', 'fdb0447a-4e45-498c-8425-897c74d44029', '{"action":"logout","actor_id":"8d44df12-5ae2-4cfb-8110-5f2a076a049c","actor_username":"2@2.com","actor_via_sso":false,"log_type":"account"}', '2024-11-03 22:39:01.35362+00', ''),
	('00000000-0000-0000-0000-000000000000', 'f286416e-2820-4396-a1d9-c9aea6652685', '{"action":"login","actor_id":"66f240f9-30d1-49ca-bc6c-a2e6872a531a","actor_username":"1@2.com","actor_via_sso":false,"log_type":"account","traits":{"provider":"email"}}', '2024-11-05 21:25:35.817135+00', ''),
	('00000000-0000-0000-0000-000000000000', '08f0f823-88a5-498f-b049-2db48e233d7c', '{"action":"logout","actor_id":"66f240f9-30d1-49ca-bc6c-a2e6872a531a","actor_username":"1@2.com","actor_via_sso":false,"log_type":"account"}', '2024-11-05 22:13:24.487882+00', ''),
	('00000000-0000-0000-0000-000000000000', 'd0816aad-a020-4b87-bedb-6d04fb040205', '{"action":"login","actor_id":"66f240f9-30d1-49ca-bc6c-a2e6872a531a","actor_username":"1@2.com","actor_via_sso":false,"log_type":"account","traits":{"provider":"email"}}', '2024-11-06 01:19:46.582289+00', ''),
	('00000000-0000-0000-0000-000000000000', '7e3f00a2-f006-4614-a4ac-1fc5cb76f20f', '{"action":"logout","actor_id":"66f240f9-30d1-49ca-bc6c-a2e6872a531a","actor_username":"1@2.com","actor_via_sso":false,"log_type":"account"}', '2024-11-06 01:20:09.337087+00', ''),
	('00000000-0000-0000-0000-000000000000', 'e583c452-68db-424e-a040-3015e4043031', '{"action":"login","actor_id":"66f240f9-30d1-49ca-bc6c-a2e6872a531a","actor_username":"1@2.com","actor_via_sso":false,"log_type":"account","traits":{"provider":"email"}}', '2024-11-06 01:54:33.085831+00', ''),
	('00000000-0000-0000-0000-000000000000', '8754248b-b458-4318-8566-604b0c63439b', '{"action":"logout","actor_id":"66f240f9-30d1-49ca-bc6c-a2e6872a531a","actor_username":"1@2.com","actor_via_sso":false,"log_type":"account"}', '2024-11-06 01:54:48.722467+00', ''),
	('00000000-0000-0000-0000-000000000000', 'c26a4b2a-e2e2-4457-a814-54904ecaf9cc', '{"action":"user_recovery_requested","actor_id":"66f240f9-30d1-49ca-bc6c-a2e6872a531a","actor_username":"1@2.com","actor_via_sso":false,"log_type":"user"}', '2024-11-06 22:41:48.390282+00', ''),
	('00000000-0000-0000-0000-000000000000', '03173af0-b323-43a3-a26c-d66dca92d897', '{"action":"login","actor_id":"66f240f9-30d1-49ca-bc6c-a2e6872a531a","actor_username":"1@2.com","actor_via_sso":false,"log_type":"account","traits":{"provider":"email"}}', '2024-11-06 22:51:21.55619+00', ''),
	('00000000-0000-0000-0000-000000000000', 'bae74e00-bb1a-4366-8573-bd7562ee1095', '{"action":"logout","actor_id":"66f240f9-30d1-49ca-bc6c-a2e6872a531a","actor_username":"1@2.com","actor_via_sso":false,"log_type":"account"}', '2024-11-06 22:57:59.55546+00', ''),
	('00000000-0000-0000-0000-000000000000', 'f760695a-5436-4675-b063-49ca94f2d7d4', '{"action":"login","actor_id":"66f240f9-30d1-49ca-bc6c-a2e6872a531a","actor_username":"1@2.com","actor_via_sso":false,"log_type":"account","traits":{"provider":"email"}}', '2024-11-06 22:58:19.474051+00', ''),
	('00000000-0000-0000-0000-000000000000', 'f2202a1c-4320-404c-a8e1-444702b54304', '{"action":"login","actor_id":"66f240f9-30d1-49ca-bc6c-a2e6872a531a","actor_username":"1@2.com","actor_via_sso":false,"log_type":"account","traits":{"provider":"email"}}', '2024-11-06 23:35:42.770663+00', ''),
	('00000000-0000-0000-0000-000000000000', '75724c89-d11c-4e2a-b5be-61389c63becf', '{"action":"logout","actor_id":"66f240f9-30d1-49ca-bc6c-a2e6872a531a","actor_username":"1@2.com","actor_via_sso":false,"log_type":"account"}', '2024-11-06 23:40:55.077234+00', ''),
	('00000000-0000-0000-0000-000000000000', 'c226de96-a297-4c52-9fac-f4c86d9edd4e', '{"action":"login","actor_id":"66f240f9-30d1-49ca-bc6c-a2e6872a531a","actor_username":"1@2.com","actor_via_sso":false,"log_type":"account","traits":{"provider":"email"}}', '2024-11-06 23:41:01.256171+00', ''),
	('00000000-0000-0000-0000-000000000000', '27bbdd7b-9224-482d-8a14-8c078800236f', '{"action":"logout","actor_id":"66f240f9-30d1-49ca-bc6c-a2e6872a531a","actor_username":"1@2.com","actor_via_sso":false,"log_type":"account"}', '2024-11-06 23:41:56.429341+00', ''),
	('00000000-0000-0000-0000-000000000000', 'f9b338c5-63c7-4385-976f-767994e16d5f', '{"action":"login","actor_id":"66f240f9-30d1-49ca-bc6c-a2e6872a531a","actor_username":"1@2.com","actor_via_sso":false,"log_type":"account","traits":{"provider":"email"}}', '2024-11-06 23:42:02.421844+00', ''),
	('00000000-0000-0000-0000-000000000000', 'a1b44aaf-2e16-400b-a169-4f16529c7e83', '{"action":"logout","actor_id":"66f240f9-30d1-49ca-bc6c-a2e6872a531a","actor_username":"1@2.com","actor_via_sso":false,"log_type":"account"}', '2024-11-06 23:42:05.647167+00', ''),
	('00000000-0000-0000-0000-000000000000', 'd97375f9-a053-4465-b493-048ddfc0f394', '{"action":"login","actor_id":"66f240f9-30d1-49ca-bc6c-a2e6872a531a","actor_username":"1@2.com","actor_via_sso":false,"log_type":"account","traits":{"provider":"email"}}', '2024-11-06 23:42:15.621481+00', ''),
	('00000000-0000-0000-0000-000000000000', 'ffd96e37-66a1-4723-8e84-2af1a93b4350', '{"action":"logout","actor_id":"66f240f9-30d1-49ca-bc6c-a2e6872a531a","actor_username":"1@2.com","actor_via_sso":false,"log_type":"account"}', '2024-11-06 23:42:17.177673+00', ''),
	('00000000-0000-0000-0000-000000000000', '549233a5-75fd-49ec-8c52-9c79b8ba7367', '{"action":"login","actor_id":"66f240f9-30d1-49ca-bc6c-a2e6872a531a","actor_username":"1@2.com","actor_via_sso":false,"log_type":"account","traits":{"provider":"email"}}', '2024-11-06 23:43:11.637066+00', ''),
	('00000000-0000-0000-0000-000000000000', '90d3c9bc-37f0-4162-a8ea-6091255603ab', '{"action":"logout","actor_id":"66f240f9-30d1-49ca-bc6c-a2e6872a531a","actor_username":"1@2.com","actor_via_sso":false,"log_type":"account"}', '2024-11-06 23:46:54.368872+00', ''),
	('00000000-0000-0000-0000-000000000000', '7c12a061-639e-4b4b-bfb3-9876028211a9', '{"action":"login","actor_id":"66f240f9-30d1-49ca-bc6c-a2e6872a531a","actor_username":"1@2.com","actor_via_sso":false,"log_type":"account","traits":{"provider":"email"}}', '2024-11-06 23:51:38.203534+00', ''),
	('00000000-0000-0000-0000-000000000000', '9dbd41fb-d6f3-4fb0-94c4-61a5607182bb', '{"action":"token_refreshed","actor_id":"66f240f9-30d1-49ca-bc6c-a2e6872a531a","actor_username":"1@2.com","actor_via_sso":false,"log_type":"token"}', '2024-11-07 00:49:45.04873+00', ''),
	('00000000-0000-0000-0000-000000000000', 'a7df938f-ee2f-439c-910c-f98c18e40e38', '{"action":"token_revoked","actor_id":"66f240f9-30d1-49ca-bc6c-a2e6872a531a","actor_username":"1@2.com","actor_via_sso":false,"log_type":"token"}', '2024-11-07 00:49:45.049559+00', ''),
	('00000000-0000-0000-0000-000000000000', '008c7d7f-f492-430a-87b3-4582aeccf0a5', '{"action":"token_refreshed","actor_id":"66f240f9-30d1-49ca-bc6c-a2e6872a531a","actor_username":"1@2.com","actor_via_sso":false,"log_type":"token"}', '2024-11-07 21:21:19.148541+00', ''),
	('00000000-0000-0000-0000-000000000000', '74e5139f-eb94-4507-9eb4-a816cc599dba', '{"action":"token_revoked","actor_id":"66f240f9-30d1-49ca-bc6c-a2e6872a531a","actor_username":"1@2.com","actor_via_sso":false,"log_type":"token"}', '2024-11-07 21:21:19.149487+00', ''),
	('00000000-0000-0000-0000-000000000000', '864c6aa7-bc76-410d-be17-96911a6e7b11', '{"action":"logout","actor_id":"66f240f9-30d1-49ca-bc6c-a2e6872a531a","actor_username":"1@2.com","actor_via_sso":false,"log_type":"account"}', '2024-11-07 21:34:00.704887+00', ''),
	('00000000-0000-0000-0000-000000000000', '95f33a22-d8fc-4df5-87e2-b42eed058149', '{"action":"login","actor_id":"66f240f9-30d1-49ca-bc6c-a2e6872a531a","actor_username":"1@2.com","actor_via_sso":false,"log_type":"account","traits":{"provider":"email"}}', '2024-11-07 21:42:25.623704+00', ''),
	('00000000-0000-0000-0000-000000000000', '682695ba-ce47-468d-aeef-d3b7e10517cb', '{"action":"logout","actor_id":"66f240f9-30d1-49ca-bc6c-a2e6872a531a","actor_username":"1@2.com","actor_via_sso":false,"log_type":"account"}', '2024-11-07 21:42:28.249497+00', ''),
	('00000000-0000-0000-0000-000000000000', 'fe212b7f-4b0c-4ec5-8d76-b5c994f1acf0', '{"action":"login","actor_id":"66f240f9-30d1-49ca-bc6c-a2e6872a531a","actor_username":"1@2.com","actor_via_sso":false,"log_type":"account","traits":{"provider":"email"}}', '2024-11-07 22:41:31.362448+00', ''),
	('00000000-0000-0000-0000-000000000000', 'e80d5832-683f-4d2b-9318-8b32d109821f', '{"action":"token_revoked","actor_id":"66f240f9-30d1-49ca-bc6c-a2e6872a531a","actor_username":"1@2.com","actor_via_sso":false,"log_type":"token"}', '2024-11-08 09:01:55.593694+00', ''),
	('00000000-0000-0000-0000-000000000000', 'de4fbade-cad8-44ac-bc0f-e15189d5ab93', '{"action":"token_refreshed","actor_id":"66f240f9-30d1-49ca-bc6c-a2e6872a531a","actor_username":"1@2.com","actor_via_sso":false,"log_type":"token"}', '2024-11-08 10:00:46.237738+00', ''),
	('00000000-0000-0000-0000-000000000000', 'dafc46a7-5e32-49da-93c6-6ec11631130a', '{"action":"token_revoked","actor_id":"66f240f9-30d1-49ca-bc6c-a2e6872a531a","actor_username":"1@2.com","actor_via_sso":false,"log_type":"token"}', '2024-11-08 10:00:46.238832+00', ''),
	('00000000-0000-0000-0000-000000000000', '9455570b-edcf-49be-9b7c-88b7c7de6a8f', '{"action":"logout","actor_id":"66f240f9-30d1-49ca-bc6c-a2e6872a531a","actor_username":"1@2.com","actor_via_sso":false,"log_type":"account"}', '2024-11-08 10:27:03.176355+00', ''),
	('00000000-0000-0000-0000-000000000000', 'af19a5d8-9d0b-4283-ab0f-4b5459ff0bb2', '{"action":"login","actor_id":"66f240f9-30d1-49ca-bc6c-a2e6872a531a","actor_username":"1@2.com","actor_via_sso":false,"log_type":"account","traits":{"provider":"email"}}', '2024-11-08 10:27:08.339123+00', ''),
	('00000000-0000-0000-0000-000000000000', 'e3b087c2-b03e-49b3-9a59-101ec1e9e13e', '{"action":"token_refreshed","actor_id":"66f240f9-30d1-49ca-bc6c-a2e6872a531a","actor_username":"1@2.com","actor_via_sso":false,"log_type":"token"}', '2024-11-08 12:34:06.016057+00', ''),
	('00000000-0000-0000-0000-000000000000', 'f7c0a63b-77c6-4c9b-99bd-1bf93ec6aeea', '{"action":"token_revoked","actor_id":"66f240f9-30d1-49ca-bc6c-a2e6872a531a","actor_username":"1@2.com","actor_via_sso":false,"log_type":"token"}', '2024-11-08 12:34:06.016391+00', ''),
	('00000000-0000-0000-0000-000000000000', 'ab2264ab-ad78-4aa1-aee2-d5636e914062', '{"action":"token_refreshed","actor_id":"66f240f9-30d1-49ca-bc6c-a2e6872a531a","actor_username":"1@2.com","actor_via_sso":false,"log_type":"token"}', '2024-11-08 17:14:18.464352+00', ''),
	('00000000-0000-0000-0000-000000000000', '29769daf-9b92-4798-8104-d5ba1ad0119b', '{"action":"token_revoked","actor_id":"66f240f9-30d1-49ca-bc6c-a2e6872a531a","actor_username":"1@2.com","actor_via_sso":false,"log_type":"token"}', '2024-11-08 17:14:18.465434+00', ''),
	('00000000-0000-0000-0000-000000000000', '64e57098-8674-4c31-9b05-bff3fde29813', '{"action":"token_refreshed","actor_id":"66f240f9-30d1-49ca-bc6c-a2e6872a531a","actor_username":"1@2.com","actor_via_sso":false,"log_type":"token"}', '2024-11-08 18:12:27.871042+00', ''),
	('00000000-0000-0000-0000-000000000000', 'f95bf140-2198-4f9e-9121-3396ebce8812', '{"action":"token_revoked","actor_id":"66f240f9-30d1-49ca-bc6c-a2e6872a531a","actor_username":"1@2.com","actor_via_sso":false,"log_type":"token"}', '2024-11-08 18:12:27.871817+00', ''),
	('00000000-0000-0000-0000-000000000000', 'af50aa32-dfdf-449e-86b7-6fb0e71b5689', '{"action":"token_refreshed","actor_id":"66f240f9-30d1-49ca-bc6c-a2e6872a531a","actor_username":"1@2.com","actor_via_sso":false,"log_type":"token"}', '2024-11-08 19:10:31.469451+00', ''),
	('00000000-0000-0000-0000-000000000000', 'e5f08fa1-99c0-4432-9539-77f185fd9e35', '{"action":"token_revoked","actor_id":"66f240f9-30d1-49ca-bc6c-a2e6872a531a","actor_username":"1@2.com","actor_via_sso":false,"log_type":"token"}', '2024-11-08 19:10:31.470476+00', ''),
	('00000000-0000-0000-0000-000000000000', 'bd849783-40c8-449a-88e7-02c8171d5fcb', '{"action":"token_refreshed","actor_id":"66f240f9-30d1-49ca-bc6c-a2e6872a531a","actor_username":"1@2.com","actor_via_sso":false,"log_type":"token"}', '2024-11-08 21:22:20.161907+00', ''),
	('00000000-0000-0000-0000-000000000000', 'b0498b56-962b-4008-b10e-67f8b9fe296c', '{"action":"token_revoked","actor_id":"66f240f9-30d1-49ca-bc6c-a2e6872a531a","actor_username":"1@2.com","actor_via_sso":false,"log_type":"token"}', '2024-11-08 21:22:20.163319+00', ''),
	('00000000-0000-0000-0000-000000000000', '9480c7ad-3188-4e01-bf04-f46633a28374', '{"action":"token_refreshed","actor_id":"66f240f9-30d1-49ca-bc6c-a2e6872a531a","actor_username":"1@2.com","actor_via_sso":false,"log_type":"token"}', '2024-11-08 22:20:35.82877+00', ''),
	('00000000-0000-0000-0000-000000000000', '0677c1b1-1a60-44e1-91a3-c5cfff1705eb', '{"action":"token_revoked","actor_id":"66f240f9-30d1-49ca-bc6c-a2e6872a531a","actor_username":"1@2.com","actor_via_sso":false,"log_type":"token"}', '2024-11-08 22:20:35.829709+00', ''),
	('00000000-0000-0000-0000-000000000000', '913738f1-ede3-41bf-bcb0-85c045afdffc', '{"action":"token_refreshed","actor_id":"66f240f9-30d1-49ca-bc6c-a2e6872a531a","actor_username":"1@2.com","actor_via_sso":false,"log_type":"token"}', '2024-11-08 23:18:35.782687+00', ''),
	('00000000-0000-0000-0000-000000000000', 'fe5d81b0-4da3-45bf-95a7-e6936f963e13', '{"action":"token_revoked","actor_id":"66f240f9-30d1-49ca-bc6c-a2e6872a531a","actor_username":"1@2.com","actor_via_sso":false,"log_type":"token"}', '2024-11-08 23:18:35.783399+00', ''),
	('00000000-0000-0000-0000-000000000000', '6fa9f017-6307-46c4-af79-3878f4c7622a', '{"action":"token_refreshed","actor_id":"66f240f9-30d1-49ca-bc6c-a2e6872a531a","actor_username":"1@2.com","actor_via_sso":false,"log_type":"token"}', '2024-11-09 00:16:35.807458+00', ''),
	('00000000-0000-0000-0000-000000000000', '4abe98ef-cbf2-46c8-bccb-ec4af70e07cc', '{"action":"token_revoked","actor_id":"66f240f9-30d1-49ca-bc6c-a2e6872a531a","actor_username":"1@2.com","actor_via_sso":false,"log_type":"token"}', '2024-11-09 00:16:35.808162+00', ''),
	('00000000-0000-0000-0000-000000000000', 'a97aca51-b183-461d-8105-bab228e0ef1e', '{"action":"token_refreshed","actor_id":"66f240f9-30d1-49ca-bc6c-a2e6872a531a","actor_username":"1@2.com","actor_via_sso":false,"log_type":"token"}', '2024-11-09 11:13:07.195565+00', ''),
	('00000000-0000-0000-0000-000000000000', 'f4e87972-c6aa-491c-b5bc-f60f3418ffa0', '{"action":"token_revoked","actor_id":"66f240f9-30d1-49ca-bc6c-a2e6872a531a","actor_username":"1@2.com","actor_via_sso":false,"log_type":"token"}', '2024-11-09 11:13:07.197841+00', ''),
	('00000000-0000-0000-0000-000000000000', 'e2c95a97-d60b-481a-b525-db4d7971e132', '{"action":"token_refreshed","actor_id":"66f240f9-30d1-49ca-bc6c-a2e6872a531a","actor_username":"1@2.com","actor_via_sso":false,"log_type":"token"}', '2024-11-09 12:21:13.088286+00', ''),
	('00000000-0000-0000-0000-000000000000', '3fb3bf2e-b11e-42e7-95e3-098d4cfa3da2', '{"action":"token_revoked","actor_id":"66f240f9-30d1-49ca-bc6c-a2e6872a531a","actor_username":"1@2.com","actor_via_sso":false,"log_type":"token"}', '2024-11-09 12:21:13.089128+00', ''),
	('00000000-0000-0000-0000-000000000000', '011c62b8-73c2-43d6-bb3c-cba87ac943dd', '{"action":"logout","actor_id":"66f240f9-30d1-49ca-bc6c-a2e6872a531a","actor_username":"1@2.com","actor_via_sso":false,"log_type":"account"}', '2024-11-09 13:15:51.942878+00', ''),
	('00000000-0000-0000-0000-000000000000', '0de5a917-2174-4cd6-92d4-324747100457', '{"action":"login","actor_id":"66f240f9-30d1-49ca-bc6c-a2e6872a531a","actor_username":"1@2.com","actor_via_sso":false,"log_type":"account","traits":{"provider":"email"}}', '2024-11-09 13:15:59.842307+00', ''),
	('00000000-0000-0000-0000-000000000000', 'b4846215-a80a-489a-894a-668fc8dd3825', '{"action":"logout","actor_id":"66f240f9-30d1-49ca-bc6c-a2e6872a531a","actor_username":"1@2.com","actor_via_sso":false,"log_type":"account"}', '2024-11-09 13:16:07.8172+00', ''),
	('00000000-0000-0000-0000-000000000000', '4cd3d4b0-47a6-4e71-8520-2816a027ee2c', '{"action":"login","actor_id":"66f240f9-30d1-49ca-bc6c-a2e6872a531a","actor_username":"1@2.com","actor_via_sso":false,"log_type":"account","traits":{"provider":"email"}}', '2024-11-09 13:16:19.489616+00', ''),
	('00000000-0000-0000-0000-000000000000', 'e254baed-0c54-45ae-a8f2-117465637000', '{"action":"login","actor_id":"66f240f9-30d1-49ca-bc6c-a2e6872a531a","actor_username":"1@2.com","actor_via_sso":false,"log_type":"account","traits":{"provider":"email"}}', '2024-11-09 13:16:23.459833+00', ''),
	('00000000-0000-0000-0000-000000000000', 'f5b3836e-d661-4ccc-97af-0674d1b55b53', '{"action":"login","actor_id":"66f240f9-30d1-49ca-bc6c-a2e6872a531a","actor_username":"1@2.com","actor_via_sso":false,"log_type":"account","traits":{"provider":"email"}}', '2024-11-09 13:16:44.307101+00', ''),
	('00000000-0000-0000-0000-000000000000', '4fc7ca4f-8ea7-42fb-ac2d-496579ebccfa', '{"action":"login","actor_id":"66f240f9-30d1-49ca-bc6c-a2e6872a531a","actor_username":"1@2.com","actor_via_sso":false,"log_type":"account","traits":{"provider":"email"}}', '2024-11-09 13:16:44.779679+00', ''),
	('00000000-0000-0000-0000-000000000000', 'd2026559-4a41-4729-86d8-255fd4e3032c', '{"action":"login","actor_id":"66f240f9-30d1-49ca-bc6c-a2e6872a531a","actor_username":"1@2.com","actor_via_sso":false,"log_type":"account","traits":{"provider":"email"}}', '2024-11-09 13:16:44.927759+00', ''),
	('00000000-0000-0000-0000-000000000000', '6d836633-cc0c-494c-bc29-7b47df181f15', '{"action":"login","actor_id":"66f240f9-30d1-49ca-bc6c-a2e6872a531a","actor_username":"1@2.com","actor_via_sso":false,"log_type":"account","traits":{"provider":"email"}}', '2024-11-09 13:16:45.076223+00', ''),
	('00000000-0000-0000-0000-000000000000', '4734a5e2-7647-40fa-8329-da1afdbda8fd', '{"action":"logout","actor_id":"66f240f9-30d1-49ca-bc6c-a2e6872a531a","actor_username":"1@2.com","actor_via_sso":false,"log_type":"account"}', '2024-11-09 14:58:27.725054+00', ''),
	('00000000-0000-0000-0000-000000000000', '188c6aa6-56ad-4e2c-b0c5-b5df675adbee', '{"action":"login","actor_id":"66f240f9-30d1-49ca-bc6c-a2e6872a531a","actor_username":"1@2.com","actor_via_sso":false,"log_type":"account","traits":{"provider":"email"}}', '2024-11-09 13:16:45.204938+00', ''),
	('00000000-0000-0000-0000-000000000000', '50428349-cd34-4674-8a5b-63ef25fa6718', '{"action":"login","actor_id":"66f240f9-30d1-49ca-bc6c-a2e6872a531a","actor_username":"1@2.com","actor_via_sso":false,"log_type":"account","traits":{"provider":"email"}}', '2024-11-09 13:16:45.33862+00', ''),
	('00000000-0000-0000-0000-000000000000', '202719ae-fc25-4ec0-b32b-4f37df945ac3', '{"action":"login","actor_id":"66f240f9-30d1-49ca-bc6c-a2e6872a531a","actor_username":"1@2.com","actor_via_sso":false,"log_type":"account","traits":{"provider":"email"}}', '2024-11-09 13:16:45.481264+00', ''),
	('00000000-0000-0000-0000-000000000000', '5dfe8f8e-0c7b-499d-9162-fb6e82185a97', '{"action":"login","actor_id":"66f240f9-30d1-49ca-bc6c-a2e6872a531a","actor_username":"1@2.com","actor_via_sso":false,"log_type":"account","traits":{"provider":"email"}}', '2024-11-09 13:16:45.593053+00', ''),
	('00000000-0000-0000-0000-000000000000', '6a7c030c-46f2-4c8a-a06d-2f5571678982', '{"action":"logout","actor_id":"66f240f9-30d1-49ca-bc6c-a2e6872a531a","actor_username":"1@2.com","actor_via_sso":false,"log_type":"account"}', '2024-11-09 13:17:42.796197+00', ''),
	('00000000-0000-0000-0000-000000000000', 'c4cd1a5a-7d20-4a52-adf6-8e83a743c0cf', '{"action":"login","actor_id":"66f240f9-30d1-49ca-bc6c-a2e6872a531a","actor_username":"1@2.com","actor_via_sso":false,"log_type":"account","traits":{"provider":"email"}}', '2024-11-09 13:18:33.548418+00', ''),
	('00000000-0000-0000-0000-000000000000', 'e1610e6c-50d8-4e4a-a466-c17ea47e476c', '{"action":"login","actor_id":"66f240f9-30d1-49ca-bc6c-a2e6872a531a","actor_username":"1@2.com","actor_via_sso":false,"log_type":"account","traits":{"provider":"email"}}', '2024-11-09 13:18:36.816364+00', ''),
	('00000000-0000-0000-0000-000000000000', 'a4bb479a-3c55-4638-8930-d23542b4d98f', '{"action":"logout","actor_id":"66f240f9-30d1-49ca-bc6c-a2e6872a531a","actor_username":"1@2.com","actor_via_sso":false,"log_type":"account"}', '2024-11-09 13:19:22.723285+00', ''),
	('00000000-0000-0000-0000-000000000000', '89acbaa1-b932-43c8-a49a-8f6473f16d77', '{"action":"login","actor_id":"66f240f9-30d1-49ca-bc6c-a2e6872a531a","actor_username":"1@2.com","actor_via_sso":false,"log_type":"account","traits":{"provider":"email"}}', '2024-11-09 13:19:33.64608+00', ''),
	('00000000-0000-0000-0000-000000000000', '8566a94f-1433-492a-a466-db0ca3a561b2', '{"action":"login","actor_id":"66f240f9-30d1-49ca-bc6c-a2e6872a531a","actor_username":"1@2.com","actor_via_sso":false,"log_type":"account","traits":{"provider":"email"}}', '2024-11-09 13:19:35.867105+00', ''),
	('00000000-0000-0000-0000-000000000000', '226444d9-1297-45dd-a170-315211ad3904', '{"action":"login","actor_id":"66f240f9-30d1-49ca-bc6c-a2e6872a531a","actor_username":"1@2.com","actor_via_sso":false,"log_type":"account","traits":{"provider":"email"}}', '2024-11-09 13:19:35.994294+00', ''),
	('00000000-0000-0000-0000-000000000000', '9f372cc7-4e74-4266-931f-c86b5b32bbdd', '{"action":"login","actor_id":"66f240f9-30d1-49ca-bc6c-a2e6872a531a","actor_username":"1@2.com","actor_via_sso":false,"log_type":"account","traits":{"provider":"email"}}', '2024-11-09 13:19:36.142569+00', ''),
	('00000000-0000-0000-0000-000000000000', 'f953a49c-da9f-409a-8cfb-a2885414364e', '{"action":"logout","actor_id":"66f240f9-30d1-49ca-bc6c-a2e6872a531a","actor_username":"1@2.com","actor_via_sso":false,"log_type":"account"}', '2024-11-09 13:19:48.888173+00', ''),
	('00000000-0000-0000-0000-000000000000', 'c8ba990e-0fa2-4e81-bafb-865cac277717', '{"action":"login","actor_id":"66f240f9-30d1-49ca-bc6c-a2e6872a531a","actor_username":"1@2.com","actor_via_sso":false,"log_type":"account","traits":{"provider":"email"}}', '2024-11-09 13:20:15.904684+00', ''),
	('00000000-0000-0000-0000-000000000000', 'ca194828-aa83-4f26-9413-55410baf9117', '{"action":"logout","actor_id":"66f240f9-30d1-49ca-bc6c-a2e6872a531a","actor_username":"1@2.com","actor_via_sso":false,"log_type":"account"}', '2024-11-09 13:22:09.785789+00', ''),
	('00000000-0000-0000-0000-000000000000', 'f91d02ce-8716-4a78-a4a2-9fbfd7a7d293', '{"action":"login","actor_id":"66f240f9-30d1-49ca-bc6c-a2e6872a531a","actor_username":"1@2.com","actor_via_sso":false,"log_type":"account","traits":{"provider":"email"}}', '2024-11-09 13:22:25.146798+00', ''),
	('00000000-0000-0000-0000-000000000000', '71bf936b-cd0e-42ae-beb4-062e5c54eed9', '{"action":"logout","actor_id":"66f240f9-30d1-49ca-bc6c-a2e6872a531a","actor_username":"1@2.com","actor_via_sso":false,"log_type":"account"}', '2024-11-09 13:23:35.066997+00', ''),
	('00000000-0000-0000-0000-000000000000', '8d83a068-3db8-47c4-8255-2e3fd9546025', '{"action":"login","actor_id":"66f240f9-30d1-49ca-bc6c-a2e6872a531a","actor_username":"1@2.com","actor_via_sso":false,"log_type":"account","traits":{"provider":"email"}}', '2024-11-09 13:23:47.402067+00', ''),
	('00000000-0000-0000-0000-000000000000', '254f022f-2bca-4666-a2a2-0f9dc8830148', '{"action":"logout","actor_id":"66f240f9-30d1-49ca-bc6c-a2e6872a531a","actor_username":"1@2.com","actor_via_sso":false,"log_type":"account"}', '2024-11-09 13:24:48.293901+00', ''),
	('00000000-0000-0000-0000-000000000000', 'd9953b32-e643-49c1-8eba-111f410fbbcf', '{"action":"login","actor_id":"66f240f9-30d1-49ca-bc6c-a2e6872a531a","actor_username":"1@2.com","actor_via_sso":false,"log_type":"account","traits":{"provider":"email"}}', '2024-11-09 13:25:02.971677+00', ''),
	('00000000-0000-0000-0000-000000000000', 'aae4e829-105a-4928-a824-a576b2566510', '{"action":"login","actor_id":"66f240f9-30d1-49ca-bc6c-a2e6872a531a","actor_username":"1@2.com","actor_via_sso":false,"log_type":"account","traits":{"provider":"email"}}', '2024-11-09 13:25:05.257778+00', ''),
	('00000000-0000-0000-0000-000000000000', 'f6010fe0-ab3c-4338-9f95-da4380fa2483', '{"action":"login","actor_id":"66f240f9-30d1-49ca-bc6c-a2e6872a531a","actor_username":"1@2.com","actor_via_sso":false,"log_type":"account","traits":{"provider":"email"}}', '2024-11-09 13:25:05.375964+00', ''),
	('00000000-0000-0000-0000-000000000000', 'd00c6e07-d24d-4aeb-b6a6-55c48bd84f79', '{"action":"login","actor_id":"66f240f9-30d1-49ca-bc6c-a2e6872a531a","actor_username":"1@2.com","actor_via_sso":false,"log_type":"account","traits":{"provider":"email"}}', '2024-11-09 13:25:05.516699+00', ''),
	('00000000-0000-0000-0000-000000000000', 'adb3d205-0a3f-4d5a-88cd-edd7eaf212b8', '{"action":"logout","actor_id":"66f240f9-30d1-49ca-bc6c-a2e6872a531a","actor_username":"1@2.com","actor_via_sso":false,"log_type":"account"}', '2024-11-09 13:26:14.741262+00', ''),
	('00000000-0000-0000-0000-000000000000', '971398fa-17dd-4db8-9f34-a935a0b1c3b8', '{"action":"login","actor_id":"66f240f9-30d1-49ca-bc6c-a2e6872a531a","actor_username":"1@2.com","actor_via_sso":false,"log_type":"account","traits":{"provider":"email"}}', '2024-11-09 13:26:24.583633+00', ''),
	('00000000-0000-0000-0000-000000000000', 'c0646690-8dd4-4728-b385-381f82f9ce74', '{"action":"logout","actor_id":"66f240f9-30d1-49ca-bc6c-a2e6872a531a","actor_username":"1@2.com","actor_via_sso":false,"log_type":"account"}', '2024-11-09 13:31:38.178254+00', ''),
	('00000000-0000-0000-0000-000000000000', '2edc1421-4d47-45c1-ab35-6d5742b9f130', '{"action":"login","actor_id":"8d44df12-5ae2-4cfb-8110-5f2a076a049c","actor_username":"2@2.com","actor_via_sso":false,"log_type":"account","traits":{"provider":"email"}}', '2024-11-09 13:31:53.543835+00', ''),
	('00000000-0000-0000-0000-000000000000', '84f1e86f-809c-4a22-9f70-86471dbcd0f4', '{"action":"logout","actor_id":"8d44df12-5ae2-4cfb-8110-5f2a076a049c","actor_username":"2@2.com","actor_via_sso":false,"log_type":"account"}', '2024-11-09 13:32:00.183706+00', ''),
	('00000000-0000-0000-0000-000000000000', '7940728a-acb1-403a-af87-6f3c136a45e2', '{"action":"login","actor_id":"8d44df12-5ae2-4cfb-8110-5f2a076a049c","actor_username":"2@2.com","actor_via_sso":false,"log_type":"account","traits":{"provider":"email"}}', '2024-11-09 13:32:16.854184+00', ''),
	('00000000-0000-0000-0000-000000000000', '976b07d7-0f37-40f2-a29b-0f86b3320275', '{"action":"logout","actor_id":"8d44df12-5ae2-4cfb-8110-5f2a076a049c","actor_username":"2@2.com","actor_via_sso":false,"log_type":"account"}', '2024-11-09 13:32:59.904429+00', ''),
	('00000000-0000-0000-0000-000000000000', 'f6104a43-045d-4403-b138-d313b4690b16', '{"action":"login","actor_id":"66f240f9-30d1-49ca-bc6c-a2e6872a531a","actor_username":"1@2.com","actor_via_sso":false,"log_type":"account","traits":{"provider":"email"}}', '2024-11-09 13:34:06.977961+00', ''),
	('00000000-0000-0000-0000-000000000000', '17a85922-41f1-480d-8253-4894cc3da617', '{"action":"logout","actor_id":"66f240f9-30d1-49ca-bc6c-a2e6872a531a","actor_username":"1@2.com","actor_via_sso":false,"log_type":"account"}', '2024-11-09 14:08:44.578613+00', ''),
	('00000000-0000-0000-0000-000000000000', 'a7a08506-d214-47a2-b9c9-b868e1b5e699', '{"action":"login","actor_id":"8d44df12-5ae2-4cfb-8110-5f2a076a049c","actor_username":"2@2.com","actor_via_sso":false,"log_type":"account","traits":{"provider":"email"}}', '2024-11-09 14:10:52.786204+00', ''),
	('00000000-0000-0000-0000-000000000000', '8f6b6748-cd2f-4341-a253-4ad946f5b6df', '{"action":"login","actor_id":"8d44df12-5ae2-4cfb-8110-5f2a076a049c","actor_username":"2@2.com","actor_via_sso":false,"log_type":"account","traits":{"provider":"email"}}', '2024-11-09 14:17:33.708434+00', ''),
	('00000000-0000-0000-0000-000000000000', 'a6f67e4e-0ba3-4fc1-9fcd-6c6fdfe2fd96', '{"action":"logout","actor_id":"8d44df12-5ae2-4cfb-8110-5f2a076a049c","actor_username":"2@2.com","actor_via_sso":false,"log_type":"account"}', '2024-11-09 14:17:36.777877+00', ''),
	('00000000-0000-0000-0000-000000000000', '74a6fad6-0bed-4c7b-bc83-3a2d8c7c9035', '{"action":"login","actor_id":"66f240f9-30d1-49ca-bc6c-a2e6872a531a","actor_username":"1@2.com","actor_via_sso":false,"log_type":"account","traits":{"provider":"email"}}', '2024-11-09 14:17:56.067632+00', ''),
	('00000000-0000-0000-0000-000000000000', '5d0525bc-ae86-4209-bf37-ae71b4dc9cdd', '{"action":"login","actor_id":"66f240f9-30d1-49ca-bc6c-a2e6872a531a","actor_username":"1@2.com","actor_via_sso":false,"log_type":"account","traits":{"provider":"email"}}', '2024-11-09 14:19:14.746953+00', ''),
	('00000000-0000-0000-0000-000000000000', 'cad99d08-dbcf-4ea0-9345-ec4ee78e1ee1', '{"action":"logout","actor_id":"66f240f9-30d1-49ca-bc6c-a2e6872a531a","actor_username":"1@2.com","actor_via_sso":false,"log_type":"account"}', '2024-11-09 14:19:49.845562+00', ''),
	('00000000-0000-0000-0000-000000000000', 'dce841cf-e45e-483f-9472-1ec02e11a86f', '{"action":"login","actor_id":"66f240f9-30d1-49ca-bc6c-a2e6872a531a","actor_username":"1@2.com","actor_via_sso":false,"log_type":"account","traits":{"provider":"email"}}', '2024-11-09 14:20:02.947984+00', ''),
	('00000000-0000-0000-0000-000000000000', 'e265dc87-c90c-41b4-b2cb-832c0fdf8778', '{"action":"logout","actor_id":"66f240f9-30d1-49ca-bc6c-a2e6872a531a","actor_username":"1@2.com","actor_via_sso":false,"log_type":"account"}', '2024-11-09 14:20:58.227416+00', ''),
	('00000000-0000-0000-0000-000000000000', 'b191ba6e-16ae-4ada-9af0-bd2998ea9100', '{"action":"login","actor_id":"66f240f9-30d1-49ca-bc6c-a2e6872a531a","actor_username":"1@2.com","actor_via_sso":false,"log_type":"account","traits":{"provider":"email"}}', '2024-11-09 14:21:09.47358+00', ''),
	('00000000-0000-0000-0000-000000000000', '6f401ad4-1760-494f-a1df-4fc925099691', '{"action":"logout","actor_id":"66f240f9-30d1-49ca-bc6c-a2e6872a531a","actor_username":"1@2.com","actor_via_sso":false,"log_type":"account"}', '2024-11-09 14:21:34.810925+00', ''),
	('00000000-0000-0000-0000-000000000000', '60494e1e-cf1f-47f7-9aca-e94b03b60f43', '{"action":"login","actor_id":"66f240f9-30d1-49ca-bc6c-a2e6872a531a","actor_username":"1@2.com","actor_via_sso":false,"log_type":"account","traits":{"provider":"email"}}', '2024-11-09 14:21:47.535321+00', ''),
	('00000000-0000-0000-0000-000000000000', '15eea2e5-f792-4889-b5e3-2891a024c489', '{"action":"logout","actor_id":"66f240f9-30d1-49ca-bc6c-a2e6872a531a","actor_username":"1@2.com","actor_via_sso":false,"log_type":"account"}', '2024-11-09 14:22:44.130126+00', ''),
	('00000000-0000-0000-0000-000000000000', '6da7abfb-6977-4ec9-b495-07bf6d298c05', '{"action":"login","actor_id":"66f240f9-30d1-49ca-bc6c-a2e6872a531a","actor_username":"1@2.com","actor_via_sso":false,"log_type":"account","traits":{"provider":"email"}}', '2024-11-09 14:23:12.090677+00', ''),
	('00000000-0000-0000-0000-000000000000', 'cc6675e4-7e03-43ca-b766-7afffe314175', '{"action":"logout","actor_id":"66f240f9-30d1-49ca-bc6c-a2e6872a531a","actor_username":"1@2.com","actor_via_sso":false,"log_type":"account"}', '2024-11-09 14:29:30.301486+00', ''),
	('00000000-0000-0000-0000-000000000000', 'e32771c3-b781-4e87-8a75-749bad14236f', '{"action":"login","actor_id":"66f240f9-30d1-49ca-bc6c-a2e6872a531a","actor_username":"1@2.com","actor_via_sso":false,"log_type":"account","traits":{"provider":"email"}}', '2024-11-09 14:29:49.237167+00', ''),
	('00000000-0000-0000-0000-000000000000', 'da134faa-952e-438d-acf7-fa311845acb3', '{"action":"logout","actor_id":"66f240f9-30d1-49ca-bc6c-a2e6872a531a","actor_username":"1@2.com","actor_via_sso":false,"log_type":"account"}', '2024-11-09 14:31:31.699904+00', ''),
	('00000000-0000-0000-0000-000000000000', '02ee38e3-a092-4568-a439-e06f6cb2ff11', '{"action":"login","actor_id":"66f240f9-30d1-49ca-bc6c-a2e6872a531a","actor_username":"1@2.com","actor_via_sso":false,"log_type":"account","traits":{"provider":"email"}}', '2024-11-09 14:31:49.042128+00', ''),
	('00000000-0000-0000-0000-000000000000', '12b93079-82a8-4937-9cff-6a4c6116b710', '{"action":"logout","actor_id":"66f240f9-30d1-49ca-bc6c-a2e6872a531a","actor_username":"1@2.com","actor_via_sso":false,"log_type":"account"}', '2024-11-09 14:33:04.46135+00', ''),
	('00000000-0000-0000-0000-000000000000', '6aa8d22a-0afc-465a-a3fc-5c7887e251f7', '{"action":"login","actor_id":"8d44df12-5ae2-4cfb-8110-5f2a076a049c","actor_username":"2@2.com","actor_via_sso":false,"log_type":"account","traits":{"provider":"email"}}', '2024-11-09 14:33:12.976778+00', ''),
	('00000000-0000-0000-0000-000000000000', '69d40223-1786-4156-8415-2ed5b198830d', '{"action":"logout","actor_id":"8d44df12-5ae2-4cfb-8110-5f2a076a049c","actor_username":"2@2.com","actor_via_sso":false,"log_type":"account"}', '2024-11-09 14:33:24.000338+00', ''),
	('00000000-0000-0000-0000-000000000000', 'd7c29051-02a4-4c4a-9583-8e80cc8f830e', '{"action":"login","actor_id":"66f240f9-30d1-49ca-bc6c-a2e6872a531a","actor_username":"1@2.com","actor_via_sso":false,"log_type":"account","traits":{"provider":"email"}}', '2024-11-09 14:33:39.67756+00', ''),
	('00000000-0000-0000-0000-000000000000', 'abe25036-279b-4ca3-b041-b60d64c66f76', '{"action":"logout","actor_id":"66f240f9-30d1-49ca-bc6c-a2e6872a531a","actor_username":"1@2.com","actor_via_sso":false,"log_type":"account"}', '2024-11-09 14:34:22.203419+00', ''),
	('00000000-0000-0000-0000-000000000000', 'edbb8d4a-9ca3-46a3-9261-b4ace2b35ef9', '{"action":"login","actor_id":"66f240f9-30d1-49ca-bc6c-a2e6872a531a","actor_username":"1@2.com","actor_via_sso":false,"log_type":"account","traits":{"provider":"email"}}', '2024-11-09 14:34:35.962329+00', ''),
	('00000000-0000-0000-0000-000000000000', '0c71c4a4-20b3-4a83-8926-fec921819fd8', '{"action":"logout","actor_id":"66f240f9-30d1-49ca-bc6c-a2e6872a531a","actor_username":"1@2.com","actor_via_sso":false,"log_type":"account"}', '2024-11-09 14:35:36.191683+00', ''),
	('00000000-0000-0000-0000-000000000000', '4d11d392-5610-4e8a-b463-c33809b08eef', '{"action":"login","actor_id":"66f240f9-30d1-49ca-bc6c-a2e6872a531a","actor_username":"1@2.com","actor_via_sso":false,"log_type":"account","traits":{"provider":"email"}}', '2024-11-09 14:35:48.505049+00', ''),
	('00000000-0000-0000-0000-000000000000', 'd861332e-8fb0-4bc1-98fb-8bba4b1ff067', '{"action":"logout","actor_id":"66f240f9-30d1-49ca-bc6c-a2e6872a531a","actor_username":"1@2.com","actor_via_sso":false,"log_type":"account"}', '2024-11-09 14:36:33.232404+00', ''),
	('00000000-0000-0000-0000-000000000000', '38b823d1-18ae-4dce-8925-147c98d866de', '{"action":"login","actor_id":"66f240f9-30d1-49ca-bc6c-a2e6872a531a","actor_username":"1@2.com","actor_via_sso":false,"log_type":"account","traits":{"provider":"email"}}', '2024-11-09 14:36:46.584435+00', ''),
	('00000000-0000-0000-0000-000000000000', '1c7cce65-e18f-4703-a0b9-32cce6c3b0fc', '{"action":"logout","actor_id":"66f240f9-30d1-49ca-bc6c-a2e6872a531a","actor_username":"1@2.com","actor_via_sso":false,"log_type":"account"}', '2024-11-09 14:36:46.593666+00', ''),
	('00000000-0000-0000-0000-000000000000', '1bd4d343-0dc2-4099-8923-dbd914ee381c', '{"action":"login","actor_id":"66f240f9-30d1-49ca-bc6c-a2e6872a531a","actor_username":"1@2.com","actor_via_sso":false,"log_type":"account","traits":{"provider":"email"}}', '2024-11-09 14:51:24.086331+00', ''),
	('00000000-0000-0000-0000-000000000000', '6053df36-163c-4222-9eb6-9dc2cfeb9af3', '{"action":"logout","actor_id":"66f240f9-30d1-49ca-bc6c-a2e6872a531a","actor_username":"1@2.com","actor_via_sso":false,"log_type":"account"}', '2024-11-09 14:51:24.09405+00', ''),
	('00000000-0000-0000-0000-000000000000', '077b493d-77c3-449a-8a44-0ba15846c3bc', '{"action":"login","actor_id":"66f240f9-30d1-49ca-bc6c-a2e6872a531a","actor_username":"1@2.com","actor_via_sso":false,"log_type":"account","traits":{"provider":"email"}}', '2024-11-09 14:53:35.416257+00', ''),
	('00000000-0000-0000-0000-000000000000', '5768d5b7-2d50-456b-8255-f61d64f4942b', '{"action":"logout","actor_id":"66f240f9-30d1-49ca-bc6c-a2e6872a531a","actor_username":"1@2.com","actor_via_sso":false,"log_type":"account"}', '2024-11-09 14:53:35.424212+00', ''),
	('00000000-0000-0000-0000-000000000000', 'ed65376e-dada-453c-aa99-8b7f5e85c46e', '{"action":"login","actor_id":"66f240f9-30d1-49ca-bc6c-a2e6872a531a","actor_username":"1@2.com","actor_via_sso":false,"log_type":"account","traits":{"provider":"email"}}', '2024-11-09 14:57:44.683404+00', ''),
	('00000000-0000-0000-0000-000000000000', 'f221e2e8-7dae-4f77-9fca-b2d7f6db53f1', '{"action":"logout","actor_id":"66f240f9-30d1-49ca-bc6c-a2e6872a531a","actor_username":"1@2.com","actor_via_sso":false,"log_type":"account"}', '2024-11-09 14:57:44.6919+00', ''),
	('00000000-0000-0000-0000-000000000000', 'c74e85c7-77b4-4905-9713-6565b73c5a6f', '{"action":"login","actor_id":"66f240f9-30d1-49ca-bc6c-a2e6872a531a","actor_username":"1@2.com","actor_via_sso":false,"log_type":"account","traits":{"provider":"email"}}', '2024-11-09 14:58:27.714473+00', ''),
	('00000000-0000-0000-0000-000000000000', '4fa64636-ef79-457c-be30-9cdc8badfcf9', '{"action":"login","actor_id":"66f240f9-30d1-49ca-bc6c-a2e6872a531a","actor_username":"1@2.com","actor_via_sso":false,"log_type":"account","traits":{"provider":"email"}}', '2024-11-09 15:00:22.446717+00', ''),
	('00000000-0000-0000-0000-000000000000', '6a901ab5-16d7-445e-b2ae-6d983a204e39', '{"action":"logout","actor_id":"66f240f9-30d1-49ca-bc6c-a2e6872a531a","actor_username":"1@2.com","actor_via_sso":false,"log_type":"account"}', '2024-11-09 15:00:22.454466+00', ''),
	('00000000-0000-0000-0000-000000000000', 'd206210f-9f1d-4a89-88ce-0bcff180742f', '{"action":"login","actor_id":"66f240f9-30d1-49ca-bc6c-a2e6872a531a","actor_username":"1@2.com","actor_via_sso":false,"log_type":"account","traits":{"provider":"email"}}', '2024-11-09 15:02:29.748652+00', ''),
	('00000000-0000-0000-0000-000000000000', '71f8ec46-46f0-4205-acdc-8bc6a8c86523', '{"action":"logout","actor_id":"66f240f9-30d1-49ca-bc6c-a2e6872a531a","actor_username":"1@2.com","actor_via_sso":false,"log_type":"account"}', '2024-11-09 15:02:29.757786+00', ''),
	('00000000-0000-0000-0000-000000000000', 'ebcd6ae8-d003-4d6f-8495-ed13a2f349eb', '{"action":"login","actor_id":"66f240f9-30d1-49ca-bc6c-a2e6872a531a","actor_username":"1@2.com","actor_via_sso":false,"log_type":"account","traits":{"provider":"email"}}', '2024-11-09 15:03:38.005238+00', ''),
	('00000000-0000-0000-0000-000000000000', '2ceeac43-090f-4104-bb56-7265e935a9f7', '{"action":"logout","actor_id":"66f240f9-30d1-49ca-bc6c-a2e6872a531a","actor_username":"1@2.com","actor_via_sso":false,"log_type":"account"}', '2024-11-09 15:04:13.594361+00', ''),
	('00000000-0000-0000-0000-000000000000', '2262cce5-01aa-4b08-a4e1-9d3231e498e3', '{"action":"login","actor_id":"66f240f9-30d1-49ca-bc6c-a2e6872a531a","actor_username":"1@2.com","actor_via_sso":false,"log_type":"account","traits":{"provider":"email"}}', '2024-11-09 15:04:31.924415+00', ''),
	('00000000-0000-0000-0000-000000000000', '8a6141ce-ea99-4599-b2d4-80d9e16ca812', '{"action":"logout","actor_id":"66f240f9-30d1-49ca-bc6c-a2e6872a531a","actor_username":"1@2.com","actor_via_sso":false,"log_type":"account"}', '2024-11-09 15:04:31.931669+00', ''),
	('00000000-0000-0000-0000-000000000000', 'f9890d8a-df4f-4a0a-bd13-fd28944a6a93', '{"action":"login","actor_id":"8d44df12-5ae2-4cfb-8110-5f2a076a049c","actor_username":"2@2.com","actor_via_sso":false,"log_type":"account","traits":{"provider":"email"}}', '2024-11-09 15:04:45.558712+00', ''),
	('00000000-0000-0000-0000-000000000000', 'a8494bf0-9559-4ce5-abc6-0c59e9c4d328', '{"action":"login","actor_id":"8d44df12-5ae2-4cfb-8110-5f2a076a049c","actor_username":"2@2.com","actor_via_sso":false,"log_type":"account","traits":{"provider":"email"}}', '2024-11-09 15:05:29.323813+00', ''),
	('00000000-0000-0000-0000-000000000000', '7fa81646-d754-48e3-bc42-6f6760d90860', '{"action":"logout","actor_id":"8d44df12-5ae2-4cfb-8110-5f2a076a049c","actor_username":"2@2.com","actor_via_sso":false,"log_type":"account"}', '2024-11-09 15:05:32.374112+00', ''),
	('00000000-0000-0000-0000-000000000000', '54aced81-ed1a-4bc0-b1e0-921e02691bf2', '{"action":"user_recovery_requested","actor_id":"66f240f9-30d1-49ca-bc6c-a2e6872a531a","actor_username":"1@2.com","actor_via_sso":false,"log_type":"user"}', '2024-11-09 16:09:37.992086+00', ''),
	('00000000-0000-0000-0000-000000000000', '406e2764-6f94-439b-a223-cb45d0b0cfc7', '{"action":"user_recovery_requested","actor_id":"8d44df12-5ae2-4cfb-8110-5f2a076a049c","actor_username":"2@2.com","actor_via_sso":false,"log_type":"user"}', '2024-11-09 16:12:08.519362+00', ''),
	('00000000-0000-0000-0000-000000000000', 'd463c2fb-502b-4e45-9b15-145cb01ce525', '{"action":"login","actor_id":"8d44df12-5ae2-4cfb-8110-5f2a076a049c","actor_username":"2@2.com","actor_via_sso":false,"log_type":"account"}', '2024-11-09 16:12:19.635046+00', ''),
	('00000000-0000-0000-0000-000000000000', '10b9ecd4-5700-4ac1-9a27-50681bc514e2', '{"action":"logout","actor_id":"8d44df12-5ae2-4cfb-8110-5f2a076a049c","actor_username":"2@2.com","actor_via_sso":false,"log_type":"account"}', '2024-11-09 16:12:23.808589+00', ''),
	('00000000-0000-0000-0000-000000000000', '9d623fa2-38bf-48d0-975d-4402254b2eff', '{"action":"user_recovery_requested","actor_id":"66f240f9-30d1-49ca-bc6c-a2e6872a531a","actor_username":"1@2.com","actor_via_sso":false,"log_type":"user"}', '2024-11-09 16:12:41.926376+00', ''),
	('00000000-0000-0000-0000-000000000000', 'e48c0ffc-f5c6-4857-bf1f-0bb8cadaeaa4', '{"action":"login","actor_id":"66f240f9-30d1-49ca-bc6c-a2e6872a531a","actor_username":"1@2.com","actor_via_sso":false,"log_type":"account"}', '2024-11-09 16:12:50.507279+00', ''),
	('00000000-0000-0000-0000-000000000000', '064b5418-d21e-4344-8ebd-3a9ab1450455', '{"action":"user_recovery_requested","actor_id":"66f240f9-30d1-49ca-bc6c-a2e6872a531a","actor_username":"1@2.com","actor_via_sso":false,"log_type":"user"}', '2024-11-09 16:14:12.17082+00', ''),
	('00000000-0000-0000-0000-000000000000', 'f3439719-9d5e-444b-9854-857d29b4cb01', '{"action":"login","actor_id":"66f240f9-30d1-49ca-bc6c-a2e6872a531a","actor_username":"1@2.com","actor_via_sso":false,"log_type":"account"}', '2024-11-09 16:14:22.783153+00', ''),
	('00000000-0000-0000-0000-000000000000', '02cbb70f-408a-45fa-8f79-a103aaf9edd7', '{"action":"logout","actor_id":"66f240f9-30d1-49ca-bc6c-a2e6872a531a","actor_username":"1@2.com","actor_via_sso":false,"log_type":"account"}', '2024-11-09 16:23:19.440092+00', ''),
	('00000000-0000-0000-0000-000000000000', 'a18fcdf9-0d20-47c9-b406-43c7ad6ad1b0', '{"action":"login","actor_id":"66f240f9-30d1-49ca-bc6c-a2e6872a531a","actor_username":"1@2.com","actor_via_sso":false,"log_type":"account","traits":{"provider":"email"}}', '2024-11-09 16:23:26.577374+00', ''),
	('00000000-0000-0000-0000-000000000000', 'd4cd21c9-8032-4ab2-a71b-f6d1499880fb', '{"action":"logout","actor_id":"66f240f9-30d1-49ca-bc6c-a2e6872a531a","actor_username":"1@2.com","actor_via_sso":false,"log_type":"account"}', '2024-11-09 16:27:17.467336+00', ''),
	('00000000-0000-0000-0000-000000000000', 'bde22157-8e30-4333-be8b-4673e2372c26', '{"action":"login","actor_id":"8d44df12-5ae2-4cfb-8110-5f2a076a049c","actor_username":"2@2.com","actor_via_sso":false,"log_type":"account","traits":{"provider":"email"}}', '2024-11-09 16:27:35.950276+00', ''),
	('00000000-0000-0000-0000-000000000000', 'b1183c8d-1aa1-4d72-82e2-8856d8034b9f', '{"action":"logout","actor_id":"8d44df12-5ae2-4cfb-8110-5f2a076a049c","actor_username":"2@2.com","actor_via_sso":false,"log_type":"account"}', '2024-11-09 16:30:30.65288+00', ''),
	('00000000-0000-0000-0000-000000000000', '3f92bf14-2c7f-43ba-a6a9-b65c728f0445', '{"action":"login","actor_id":"66f240f9-30d1-49ca-bc6c-a2e6872a531a","actor_username":"1@2.com","actor_via_sso":false,"log_type":"account","traits":{"provider":"email"}}', '2024-11-09 16:30:44.233823+00', ''),
	('00000000-0000-0000-0000-000000000000', '120e5784-0884-4b3f-bbe5-f9c43b39cff6', '{"action":"logout","actor_id":"66f240f9-30d1-49ca-bc6c-a2e6872a531a","actor_username":"1@2.com","actor_via_sso":false,"log_type":"account"}', '2024-11-09 16:31:01.776674+00', ''),
	('00000000-0000-0000-0000-000000000000', 'bdda07fc-fb2c-42f8-a36b-e11f1d8356ea', '{"action":"login","actor_id":"66f240f9-30d1-49ca-bc6c-a2e6872a531a","actor_username":"1@2.com","actor_via_sso":false,"log_type":"account","traits":{"provider":"email"}}', '2024-11-09 16:42:19.067524+00', ''),
	('00000000-0000-0000-0000-000000000000', 'a3db0e7e-e6c8-4590-a5b0-d68307bae537', '{"action":"login","actor_id":"8d44df12-5ae2-4cfb-8110-5f2a076a049c","actor_username":"2@2.com","actor_via_sso":false,"log_type":"account","traits":{"provider":"email"}}', '2024-11-09 16:42:25.640994+00', ''),
	('00000000-0000-0000-0000-000000000000', '2c5afd05-7fa0-4175-bda7-263c1e74e30e', '{"action":"logout","actor_id":"8d44df12-5ae2-4cfb-8110-5f2a076a049c","actor_username":"2@2.com","actor_via_sso":false,"log_type":"account"}', '2024-11-09 16:42:42.08447+00', ''),
	('00000000-0000-0000-0000-000000000000', '4e49e5f9-c115-4228-a7aa-da4a415cdb79', '{"action":"login","actor_id":"66f240f9-30d1-49ca-bc6c-a2e6872a531a","actor_username":"1@2.com","actor_via_sso":false,"log_type":"account","traits":{"provider":"email"}}', '2024-11-09 16:43:04.405741+00', ''),
	('00000000-0000-0000-0000-000000000000', '4703f036-1d8f-4f24-a501-a90a3071ea9f', '{"action":"login","actor_id":"66f240f9-30d1-49ca-bc6c-a2e6872a531a","actor_username":"1@2.com","actor_via_sso":false,"log_type":"account","traits":{"provider":"email"}}', '2024-11-09 16:43:08.676928+00', ''),
	('00000000-0000-0000-0000-000000000000', '94f79984-7fa8-4cf1-b2e5-8d30eefc36a5', '{"action":"logout","actor_id":"66f240f9-30d1-49ca-bc6c-a2e6872a531a","actor_username":"1@2.com","actor_via_sso":false,"log_type":"account"}', '2024-11-09 16:45:42.907762+00', ''),
	('00000000-0000-0000-0000-000000000000', '9598293a-668f-4977-975d-18b99ffedd74', '{"action":"login","actor_id":"66f240f9-30d1-49ca-bc6c-a2e6872a531a","actor_username":"1@2.com","actor_via_sso":false,"log_type":"account","traits":{"provider":"email"}}', '2024-11-09 16:45:56.857563+00', ''),
	('00000000-0000-0000-0000-000000000000', '91978162-488f-423e-a232-65cfbc788f9c', '{"action":"logout","actor_id":"66f240f9-30d1-49ca-bc6c-a2e6872a531a","actor_username":"1@2.com","actor_via_sso":false,"log_type":"account"}', '2024-11-09 16:45:58.819782+00', ''),
	('00000000-0000-0000-0000-000000000000', '3e1c0acb-5646-4c44-ad85-5afc3d7ca3da', '{"action":"login","actor_id":"66f240f9-30d1-49ca-bc6c-a2e6872a531a","actor_username":"1@2.com","actor_via_sso":false,"log_type":"account","traits":{"provider":"email"}}', '2024-11-09 16:47:40.962198+00', ''),
	('00000000-0000-0000-0000-000000000000', '1a0233e6-918d-46b0-8c6f-825af70375dc', '{"action":"logout","actor_id":"66f240f9-30d1-49ca-bc6c-a2e6872a531a","actor_username":"1@2.com","actor_via_sso":false,"log_type":"account"}', '2024-11-09 16:47:49.720925+00', ''),
	('00000000-0000-0000-0000-000000000000', 'ad1049e1-d220-4679-8883-016512381c44', '{"action":"login","actor_id":"66f240f9-30d1-49ca-bc6c-a2e6872a531a","actor_username":"1@2.com","actor_via_sso":false,"log_type":"account","traits":{"provider":"email"}}', '2024-11-09 16:47:50.434197+00', ''),
	('00000000-0000-0000-0000-000000000000', 'f4df6ca0-f410-4871-b60f-4b1221ae614e', '{"action":"logout","actor_id":"66f240f9-30d1-49ca-bc6c-a2e6872a531a","actor_username":"1@2.com","actor_via_sso":false,"log_type":"account"}', '2024-11-09 16:47:51.54976+00', ''),
	('00000000-0000-0000-0000-000000000000', '2aac328f-af01-4f38-9272-d5b03f4b68be', '{"action":"login","actor_id":"66f240f9-30d1-49ca-bc6c-a2e6872a531a","actor_username":"1@2.com","actor_via_sso":false,"log_type":"account","traits":{"provider":"email"}}', '2024-11-09 16:47:59.952721+00', ''),
	('00000000-0000-0000-0000-000000000000', '04d541cc-6cc0-4d6a-a92f-62881755e2db', '{"action":"logout","actor_id":"66f240f9-30d1-49ca-bc6c-a2e6872a531a","actor_username":"1@2.com","actor_via_sso":false,"log_type":"account"}', '2024-11-09 16:48:11.601532+00', ''),
	('00000000-0000-0000-0000-000000000000', '134c43cb-22fd-474e-9683-32bff4cd4c71', '{"action":"login","actor_id":"66f240f9-30d1-49ca-bc6c-a2e6872a531a","actor_username":"1@2.com","actor_via_sso":false,"log_type":"account","traits":{"provider":"email"}}', '2024-11-09 16:48:23.264684+00', ''),
	('00000000-0000-0000-0000-000000000000', 'f1274b22-d1f2-4b00-b773-7780e541d6a7', '{"action":"logout","actor_id":"66f240f9-30d1-49ca-bc6c-a2e6872a531a","actor_username":"1@2.com","actor_via_sso":false,"log_type":"account"}', '2024-11-09 16:48:39.721336+00', ''),
	('00000000-0000-0000-0000-000000000000', '4781ee58-5605-452d-851d-9eff8fc8acd3', '{"action":"login","actor_id":"66f240f9-30d1-49ca-bc6c-a2e6872a531a","actor_username":"1@2.com","actor_via_sso":false,"log_type":"account","traits":{"provider":"email"}}', '2024-11-09 16:48:45.954934+00', ''),
	('00000000-0000-0000-0000-000000000000', 'de7b7368-7846-4602-b688-13939ec3edd3', '{"action":"login","actor_id":"8d44df12-5ae2-4cfb-8110-5f2a076a049c","actor_username":"2@2.com","actor_via_sso":false,"log_type":"account","traits":{"provider":"email"}}', '2024-11-09 16:48:54.74274+00', ''),
	('00000000-0000-0000-0000-000000000000', '02181c72-7a08-443d-a5f2-e4714dd291ca', '{"action":"logout","actor_id":"8d44df12-5ae2-4cfb-8110-5f2a076a049c","actor_username":"2@2.com","actor_via_sso":false,"log_type":"account"}', '2024-11-09 16:52:35.117587+00', ''),
	('00000000-0000-0000-0000-000000000000', 'b7a9be90-5704-49b6-a343-d15cad170be6', '{"action":"login","actor_id":"8d44df12-5ae2-4cfb-8110-5f2a076a049c","actor_username":"2@2.com","actor_via_sso":false,"log_type":"account","traits":{"provider":"email"}}', '2024-11-09 16:57:07.936138+00', ''),
	('00000000-0000-0000-0000-000000000000', 'ada4c505-efb8-421e-baeb-6410441ac1b3', '{"action":"logout","actor_id":"8d44df12-5ae2-4cfb-8110-5f2a076a049c","actor_username":"2@2.com","actor_via_sso":false,"log_type":"account"}', '2024-11-09 16:57:15.425637+00', ''),
	('00000000-0000-0000-0000-000000000000', 'd979eb86-436c-4c51-b922-7cf0353a29d7', '{"action":"login","actor_id":"66f240f9-30d1-49ca-bc6c-a2e6872a531a","actor_username":"1@2.com","actor_via_sso":false,"log_type":"account","traits":{"provider":"email"}}', '2024-11-09 16:57:31.033006+00', ''),
	('00000000-0000-0000-0000-000000000000', 'e11c9c9e-24bd-49cf-852c-ba4c98e6729b', '{"action":"logout","actor_id":"66f240f9-30d1-49ca-bc6c-a2e6872a531a","actor_username":"1@2.com","actor_via_sso":false,"log_type":"account"}', '2024-11-09 16:58:03.446944+00', ''),
	('00000000-0000-0000-0000-000000000000', 'f871b962-73ec-419e-a238-d24491f4803c', '{"action":"login","actor_id":"66f240f9-30d1-49ca-bc6c-a2e6872a531a","actor_username":"1@2.com","actor_via_sso":false,"log_type":"account","traits":{"provider":"email"}}', '2024-11-09 17:03:50.075111+00', ''),
	('00000000-0000-0000-0000-000000000000', '9f701dca-e0ee-4f76-9e46-504e91ac6fcc', '{"action":"logout","actor_id":"66f240f9-30d1-49ca-bc6c-a2e6872a531a","actor_username":"1@2.com","actor_via_sso":false,"log_type":"account"}', '2024-11-09 17:03:50.084834+00', ''),
	('00000000-0000-0000-0000-000000000000', '3877e230-2570-44d9-bb58-d5e7c82f49ab', '{"action":"login","actor_id":"66f240f9-30d1-49ca-bc6c-a2e6872a531a","actor_username":"1@2.com","actor_via_sso":false,"log_type":"account","traits":{"provider":"email"}}', '2024-11-09 17:04:03.37419+00', ''),
	('00000000-0000-0000-0000-000000000000', '43b44781-4306-464e-aca8-41fe95f59d9f', '{"action":"logout","actor_id":"66f240f9-30d1-49ca-bc6c-a2e6872a531a","actor_username":"1@2.com","actor_via_sso":false,"log_type":"account"}', '2024-11-09 17:04:15.259397+00', ''),
	('00000000-0000-0000-0000-000000000000', 'acecbf28-bf48-4422-a4d8-a6e181e4a12a', '{"action":"login","actor_id":"8d44df12-5ae2-4cfb-8110-5f2a076a049c","actor_username":"2@2.com","actor_via_sso":false,"log_type":"account","traits":{"provider":"email"}}', '2024-11-09 17:04:30.892816+00', ''),
	('00000000-0000-0000-0000-000000000000', 'c8c98a51-9ae6-47e7-ab2c-a002655752be', '{"action":"logout","actor_id":"8d44df12-5ae2-4cfb-8110-5f2a076a049c","actor_username":"2@2.com","actor_via_sso":false,"log_type":"account"}', '2024-11-09 17:04:42.030582+00', ''),
	('00000000-0000-0000-0000-000000000000', '534d18fb-4554-4f37-82a2-08638efd7bc7', '{"action":"login","actor_id":"8d44df12-5ae2-4cfb-8110-5f2a076a049c","actor_username":"2@2.com","actor_via_sso":false,"log_type":"account","traits":{"provider":"email"}}', '2024-11-09 17:12:56.548029+00', ''),
	('00000000-0000-0000-0000-000000000000', '98ea3cd0-dee3-47d9-a83f-0477409aeb82', '{"action":"logout","actor_id":"8d44df12-5ae2-4cfb-8110-5f2a076a049c","actor_username":"2@2.com","actor_via_sso":false,"log_type":"account"}', '2024-11-09 17:13:08.86523+00', ''),
	('00000000-0000-0000-0000-000000000000', '32316873-ff5d-4d3c-b89f-49372309b7f4', '{"action":"login","actor_id":"66f240f9-30d1-49ca-bc6c-a2e6872a531a","actor_username":"1@2.com","actor_via_sso":false,"log_type":"account","traits":{"provider":"email"}}', '2024-11-09 17:13:37.075574+00', ''),
	('00000000-0000-0000-0000-000000000000', '6ca106f7-7e65-4290-aeef-39981b2b21bd', '{"action":"logout","actor_id":"66f240f9-30d1-49ca-bc6c-a2e6872a531a","actor_username":"1@2.com","actor_via_sso":false,"log_type":"account"}', '2024-11-09 17:13:50.044286+00', ''),
	('00000000-0000-0000-0000-000000000000', 'b7c5aeaa-44dd-412d-af11-4ebaadede001', '{"action":"login","actor_id":"66f240f9-30d1-49ca-bc6c-a2e6872a531a","actor_username":"1@2.com","actor_via_sso":false,"log_type":"account","traits":{"provider":"email"}}', '2024-11-09 18:21:51.981731+00', ''),
	('00000000-0000-0000-0000-000000000000', 'f9b80a4c-4137-4479-8a18-5cb5c1cc7099', '{"action":"logout","actor_id":"66f240f9-30d1-49ca-bc6c-a2e6872a531a","actor_username":"1@2.com","actor_via_sso":false,"log_type":"account"}', '2024-11-09 18:28:06.954005+00', ''),
	('00000000-0000-0000-0000-000000000000', '76ea2dcb-f169-46a8-9939-62ead6d8c93e', '{"action":"login","actor_id":"66f240f9-30d1-49ca-bc6c-a2e6872a531a","actor_username":"1@packt.com","actor_via_sso":false,"log_type":"account","traits":{"provider":"email"}}', '2024-11-09 18:32:27.39388+00', ''),
	('00000000-0000-0000-0000-000000000000', '7be1a5c4-358a-4596-a3df-c84ecfed66e9', '{"action":"logout","actor_id":"66f240f9-30d1-49ca-bc6c-a2e6872a531a","actor_username":"1@packt.com","actor_via_sso":false,"log_type":"account"}', '2024-11-09 18:34:30.729187+00', ''),
	('00000000-0000-0000-0000-000000000000', '56ff9915-29d0-4581-9ae6-6b639ce8f8e5', '{"action":"login","actor_id":"66f240f9-30d1-49ca-bc6c-a2e6872a531a","actor_username":"1@packt.com","actor_via_sso":false,"log_type":"account","traits":{"provider":"email"}}', '2024-11-09 18:34:50.005814+00', ''),
	('00000000-0000-0000-0000-000000000000', '0cc1c410-7fd6-4e54-b05d-6d4aa4fdb691', '{"action":"logout","actor_id":"66f240f9-30d1-49ca-bc6c-a2e6872a531a","actor_username":"1@packt.com","actor_via_sso":false,"log_type":"account"}', '2024-11-09 18:34:59.977314+00', ''),
	('00000000-0000-0000-0000-000000000000', '95e1710c-6d07-464c-b349-e0047a3a5bce', '{"action":"login","actor_id":"66f240f9-30d1-49ca-bc6c-a2e6872a531a","actor_username":"1@packt.com","actor_via_sso":false,"log_type":"account","traits":{"provider":"email"}}', '2024-11-09 18:59:39.072552+00', ''),
	('00000000-0000-0000-0000-000000000000', 'bc88f1a8-116d-46ca-8ecd-dd71b34b9572', '{"action":"logout","actor_id":"66f240f9-30d1-49ca-bc6c-a2e6872a531a","actor_username":"1@packt.com","actor_via_sso":false,"log_type":"account"}', '2024-11-09 19:13:56.265828+00', ''),
	('00000000-0000-0000-0000-000000000000', 'e20268a7-0528-465d-81c1-6238b7d8c5b5', '{"action":"login","actor_id":"66f240f9-30d1-49ca-bc6c-a2e6872a531a","actor_username":"1@packt.com","actor_via_sso":false,"log_type":"account","traits":{"provider":"email"}}', '2024-11-09 19:14:03.437329+00', ''),
	('00000000-0000-0000-0000-000000000000', 'e669d6bb-246b-4034-ba62-df832a123daf', '{"action":"user_updated_password","actor_id":"66f240f9-30d1-49ca-bc6c-a2e6872a531a","actor_username":"1@packt.com","actor_via_sso":false,"log_type":"user"}', '2024-11-09 19:14:19.302475+00', ''),
	('00000000-0000-0000-0000-000000000000', '5ebc5d52-b9b8-4d8f-add1-b5aaa1e4fbc4', '{"action":"user_modified","actor_id":"66f240f9-30d1-49ca-bc6c-a2e6872a531a","actor_username":"1@packt.com","actor_via_sso":false,"log_type":"user"}', '2024-11-09 19:14:19.302975+00', ''),
	('00000000-0000-0000-0000-000000000000', '2408e1d4-886c-46aa-b7d6-a4ab1dd6493e', '{"action":"user_updated_password","actor_id":"66f240f9-30d1-49ca-bc6c-a2e6872a531a","actor_username":"1@packt.com","actor_via_sso":false,"log_type":"user"}', '2024-11-09 19:15:38.741047+00', ''),
	('00000000-0000-0000-0000-000000000000', '2d00b791-eb0f-432d-8db5-5dcfe55ce5e7', '{"action":"user_modified","actor_id":"66f240f9-30d1-49ca-bc6c-a2e6872a531a","actor_username":"1@packt.com","actor_via_sso":false,"log_type":"user"}', '2024-11-09 19:15:38.741506+00', ''),
	('00000000-0000-0000-0000-000000000000', 'a21c1634-34b1-4b54-86f4-41aa58dc2f44', '{"action":"user_updated_password","actor_id":"66f240f9-30d1-49ca-bc6c-a2e6872a531a","actor_username":"1@packt.com","actor_via_sso":false,"log_type":"user"}', '2024-11-09 19:18:26.409398+00', ''),
	('00000000-0000-0000-0000-000000000000', '10816767-8716-4ef1-99ec-d4d48bdd4bf9', '{"action":"user_modified","actor_id":"66f240f9-30d1-49ca-bc6c-a2e6872a531a","actor_username":"1@packt.com","actor_via_sso":false,"log_type":"user"}', '2024-11-09 19:18:26.409835+00', ''),
	('00000000-0000-0000-0000-000000000000', '3b40b71b-23b3-4ae0-8eae-29a7c10af76d', '{"action":"user_updated_password","actor_id":"66f240f9-30d1-49ca-bc6c-a2e6872a531a","actor_username":"1@packt.com","actor_via_sso":false,"log_type":"user"}', '2024-11-09 19:19:01.105167+00', ''),
	('00000000-0000-0000-0000-000000000000', '228952ec-146a-4471-b0ea-5b6dfb64851c', '{"action":"user_modified","actor_id":"66f240f9-30d1-49ca-bc6c-a2e6872a531a","actor_username":"1@packt.com","actor_via_sso":false,"log_type":"user"}', '2024-11-09 19:19:01.105642+00', ''),
	('00000000-0000-0000-0000-000000000000', '9e3b0df5-731f-44ed-af5b-9dfce7462cad', '{"action":"user_updated_password","actor_id":"66f240f9-30d1-49ca-bc6c-a2e6872a531a","actor_username":"1@packt.com","actor_via_sso":false,"log_type":"user"}', '2024-11-09 19:19:21.392984+00', ''),
	('00000000-0000-0000-0000-000000000000', '47375d65-372a-4b31-9b31-be92c036a817', '{"action":"user_modified","actor_id":"66f240f9-30d1-49ca-bc6c-a2e6872a531a","actor_username":"1@packt.com","actor_via_sso":false,"log_type":"user"}', '2024-11-09 19:19:21.393455+00', ''),
	('00000000-0000-0000-0000-000000000000', '03f20089-8a42-4e83-a361-cfa2de990621', '{"action":"logout","actor_id":"66f240f9-30d1-49ca-bc6c-a2e6872a531a","actor_username":"1@packt.com","actor_via_sso":false,"log_type":"account"}', '2024-11-09 19:19:24.431583+00', ''),
	('00000000-0000-0000-0000-000000000000', '56f62cc1-6d26-42e4-92d3-4ed8c4e3acad', '{"action":"login","actor_id":"8d44df12-5ae2-4cfb-8110-5f2a076a049c","actor_username":"2@2.com","actor_via_sso":false,"log_type":"account","traits":{"provider":"email"}}', '2024-11-09 19:19:41.258502+00', ''),
	('00000000-0000-0000-0000-000000000000', 'f56f017e-705e-4bb0-baed-aa1a3b6f2ec5', '{"action":"user_updated_password","actor_id":"8d44df12-5ae2-4cfb-8110-5f2a076a049c","actor_username":"2@2.com","actor_via_sso":false,"log_type":"user"}', '2024-11-09 19:19:55.158427+00', ''),
	('00000000-0000-0000-0000-000000000000', '2687e6cb-bf47-4164-ae78-d3aac5aa1429', '{"action":"user_modified","actor_id":"8d44df12-5ae2-4cfb-8110-5f2a076a049c","actor_username":"2@2.com","actor_via_sso":false,"log_type":"user"}', '2024-11-09 19:19:55.158859+00', ''),
	('00000000-0000-0000-0000-000000000000', 'bbbb846a-77b1-403c-810f-a5d3dd29bbaf', '{"action":"logout","actor_id":"8d44df12-5ae2-4cfb-8110-5f2a076a049c","actor_username":"2@2.com","actor_via_sso":false,"log_type":"account"}', '2024-11-09 19:22:18.301016+00', ''),
	('00000000-0000-0000-0000-000000000000', '0ad18638-a4d4-427e-bac9-db995c315d7e', '{"action":"user_recovery_requested","actor_id":"66f240f9-30d1-49ca-bc6c-a2e6872a531a","actor_username":"1@packt.com","actor_via_sso":false,"log_type":"user"}', '2024-11-09 19:34:11.648049+00', ''),
	('00000000-0000-0000-0000-000000000000', '0b6ac17a-0af9-41b2-b4fd-553e67f9417d', '{"action":"login","actor_id":"66f240f9-30d1-49ca-bc6c-a2e6872a531a","actor_username":"1@packt.com","actor_via_sso":false,"log_type":"account"}', '2024-11-09 19:34:26.662679+00', ''),
	('00000000-0000-0000-0000-000000000000', 'd9079f71-0607-49a0-b4a5-761c57214748', '{"action":"token_refreshed","actor_id":"66f240f9-30d1-49ca-bc6c-a2e6872a531a","actor_username":"1@packt.com","actor_via_sso":false,"log_type":"token"}', '2024-11-09 21:28:26.239836+00', ''),
	('00000000-0000-0000-0000-000000000000', '7ee72790-69bc-4688-98bd-9bb337ddc275', '{"action":"token_revoked","actor_id":"66f240f9-30d1-49ca-bc6c-a2e6872a531a","actor_username":"1@packt.com","actor_via_sso":false,"log_type":"token"}', '2024-11-09 21:28:26.240486+00', ''),
	('00000000-0000-0000-0000-000000000000', '66dd3c8e-fb4c-4562-98a6-fd6a923483e0', '{"action":"logout","actor_id":"66f240f9-30d1-49ca-bc6c-a2e6872a531a","actor_username":"1@packt.com","actor_via_sso":false,"log_type":"account"}', '2024-11-09 21:43:57.272517+00', ''),
	('00000000-0000-0000-0000-000000000000', 'c6b5290b-e631-4902-bd45-7ad39c3e5f1c', '{"action":"login","actor_id":"66f240f9-30d1-49ca-bc6c-a2e6872a531a","actor_username":"1@packt.com","actor_via_sso":false,"log_type":"account","traits":{"provider":"email"}}', '2024-11-09 21:44:11.937947+00', ''),
	('00000000-0000-0000-0000-000000000000', '731a0304-1e94-49a2-85fc-a0c3441caad9', '{"action":"logout","actor_id":"66f240f9-30d1-49ca-bc6c-a2e6872a531a","actor_username":"1@packt.com","actor_via_sso":false,"log_type":"account"}', '2024-11-09 21:44:33.932487+00', ''),
	('00000000-0000-0000-0000-000000000000', 'a4473c6d-fcf6-4889-aff1-5e4f1363fc88', '{"action":"login","actor_id":"66f240f9-30d1-49ca-bc6c-a2e6872a531a","actor_username":"1@packt.com","actor_via_sso":false,"log_type":"account","traits":{"provider":"email"}}', '2024-11-09 21:45:14.388546+00', ''),
	('00000000-0000-0000-0000-000000000000', 'bbb391ce-291b-4ffc-865b-36416893f4c8', '{"action":"logout","actor_id":"66f240f9-30d1-49ca-bc6c-a2e6872a531a","actor_username":"1@packt.com","actor_via_sso":false,"log_type":"account"}', '2024-11-09 21:53:22.793978+00', ''),
	('00000000-0000-0000-0000-000000000000', '8e53cc25-449e-45b5-a89e-1745b77945b6', '{"action":"login","actor_id":"66f240f9-30d1-49ca-bc6c-a2e6872a531a","actor_username":"1@packt.com","actor_via_sso":false,"log_type":"account","traits":{"provider":"email"}}', '2024-11-09 21:53:35.438872+00', ''),
	('00000000-0000-0000-0000-000000000000', 'ed62fe90-6051-47db-9563-854c4d12b678', '{"action":"logout","actor_id":"66f240f9-30d1-49ca-bc6c-a2e6872a531a","actor_username":"1@packt.com","actor_via_sso":false,"log_type":"account"}', '2024-11-09 21:58:54.453201+00', ''),
	('00000000-0000-0000-0000-000000000000', 'ab5ab9df-26fb-441a-aca8-c5b8699383fe', '{"action":"user_signedup","actor_id":"00000000-0000-0000-0000-000000000000","actor_username":"service_role","actor_via_sso":false,"log_type":"team","traits":{"user_email":"hello@email.com","user_id":"63eb1714-eb58-44cb-8d11-7525844b61bc","user_phone":""}}', '2024-11-10 00:23:52.473942+00', ''),
	('00000000-0000-0000-0000-000000000000', '339dc4b7-c17a-421b-b3c2-e5a0f2c37a93', '{"action":"user_signedup","actor_id":"00000000-0000-0000-0000-000000000000","actor_username":"service_role","actor_via_sso":false,"log_type":"team","traits":{"user_email":"hi@email.com","user_id":"915530f4-ce1c-4f35-8375-5eba064caf4a","user_phone":""}}', '2024-11-10 00:27:00.669704+00', ''),
	('00000000-0000-0000-0000-000000000000', '42906e9c-5878-4cc1-81b2-7f627b6439c2', '{"action":"user_signedup","actor_id":"00000000-0000-0000-0000-000000000000","actor_username":"service_role","actor_via_sso":false,"log_type":"team","traits":{"user_email":"john@packt.com","user_id":"bac4d4ed-1e54-40ef-b2e3-c6426c0e0b91","user_phone":""}}', '2024-11-10 00:27:56.704215+00', ''),
	('00000000-0000-0000-0000-000000000000', '38b9b427-c3a1-4cf5-bde9-6e559983ba73', '{"action":"user_signedup","actor_id":"00000000-0000-0000-0000-000000000000","actor_username":"service_role","actor_via_sso":false,"log_type":"team","traits":{"user_email":"peter@packt.com","user_id":"85ddece5-a08c-47f6-ac0f-14038ae1f2e6","user_phone":""}}', '2024-11-10 15:14:37.054071+00', ''),
	('00000000-0000-0000-0000-000000000000', 'aa2bd03f-2e5b-47a3-bc27-46ae456ee03d', '{"action":"user_signedup","actor_id":"00000000-0000-0000-0000-000000000000","actor_username":"service_role","actor_via_sso":false,"log_type":"team","traits":{"user_email":"peter@packt.com","user_id":"b2e98cc0-4ffe-44f8-a2ef-a754acf5cb0b","user_phone":""}}', '2024-11-10 15:33:59.064761+00', ''),
	('00000000-0000-0000-0000-000000000000', 'a6e4fee3-2da2-41dc-9b63-e05e7aa25a82', '{"action":"user_signedup","actor_id":"00000000-0000-0000-0000-000000000000","actor_username":"service_role","actor_via_sso":false,"log_type":"team","traits":{"user_email":"viktor.lenard@gmail.com","user_id":"2e399d0a-8e86-4d45-b799-00da8c027574","user_phone":""}}', '2024-11-10 15:35:36.532139+00', ''),
	('00000000-0000-0000-0000-000000000000', '1d6e3dcf-8dee-4bd0-8467-5c5b806e9d4e', '{"action":"login","actor_id":"66f240f9-30d1-49ca-bc6c-a2e6872a531a","actor_username":"1@packt.com","actor_via_sso":false,"log_type":"account","traits":{"provider":"email"}}', '2024-11-10 15:39:20.181607+00', ''),
	('00000000-0000-0000-0000-000000000000', 'f27d7f7d-3ef2-45a7-bf2b-f1e9c0972cb1', '{"action":"logout","actor_id":"66f240f9-30d1-49ca-bc6c-a2e6872a531a","actor_username":"1@packt.com","actor_via_sso":false,"log_type":"account"}', '2024-11-10 15:39:40.347642+00', ''),
	('00000000-0000-0000-0000-000000000000', 'd29e2ca6-221d-4545-9b6f-64ac89787f71', '{"action":"login","actor_id":"66f240f9-30d1-49ca-bc6c-a2e6872a531a","actor_username":"1@packt.com","actor_via_sso":false,"log_type":"account","traits":{"provider":"email"}}', '2024-11-10 15:41:29.516004+00', ''),
	('00000000-0000-0000-0000-000000000000', '78ce6606-ec05-40ae-a5f5-ffd124ed07fb', '{"action":"logout","actor_id":"66f240f9-30d1-49ca-bc6c-a2e6872a531a","actor_username":"1@packt.com","actor_via_sso":false,"log_type":"account"}', '2024-11-10 15:41:35.095794+00', ''),
	('00000000-0000-0000-0000-000000000000', '7a2e2793-b6c0-42f2-9af4-58ca495fa141', '{"action":"login","actor_id":"66f240f9-30d1-49ca-bc6c-a2e6872a531a","actor_username":"1@packt.com","actor_via_sso":false,"log_type":"account","traits":{"provider":"email"}}', '2024-11-10 15:44:40.716559+00', ''),
	('00000000-0000-0000-0000-000000000000', '4cc95476-0194-4fb2-a008-31342f905c7d', '{"action":"logout","actor_id":"66f240f9-30d1-49ca-bc6c-a2e6872a531a","actor_username":"1@packt.com","actor_via_sso":false,"log_type":"account"}', '2024-11-10 15:45:48.886038+00', ''),
	('00000000-0000-0000-0000-000000000000', '12e4edaf-384e-4844-97f8-151156607f62', '{"action":"login","actor_id":"66f240f9-30d1-49ca-bc6c-a2e6872a531a","actor_username":"1@packt.com","actor_via_sso":false,"log_type":"account","traits":{"provider":"email"}}', '2024-11-10 15:46:04.1524+00', ''),
	('00000000-0000-0000-0000-000000000000', '59b38040-5d72-411d-b71d-ac35a02f5523', '{"action":"logout","actor_id":"66f240f9-30d1-49ca-bc6c-a2e6872a531a","actor_username":"1@packt.com","actor_via_sso":false,"log_type":"account"}', '2024-11-10 15:48:48.781555+00', ''),
	('00000000-0000-0000-0000-000000000000', 'edc7a631-f451-4761-bfb2-51c249ad99b6', '{"action":"login","actor_id":"66f240f9-30d1-49ca-bc6c-a2e6872a531a","actor_username":"1@packt.com","actor_via_sso":false,"log_type":"account","traits":{"provider":"email"}}', '2024-11-10 15:48:58.773135+00', ''),
	('00000000-0000-0000-0000-000000000000', '933f0410-c161-4909-b8eb-20b9a09e8cad', '{"action":"logout","actor_id":"66f240f9-30d1-49ca-bc6c-a2e6872a531a","actor_username":"1@packt.com","actor_via_sso":false,"log_type":"account"}', '2024-11-10 15:49:42.532583+00', ''),
	('00000000-0000-0000-0000-000000000000', '16995e56-b9f8-449e-ba82-d842624f8b89', '{"action":"login","actor_id":"66f240f9-30d1-49ca-bc6c-a2e6872a531a","actor_username":"1@packt.com","actor_via_sso":false,"log_type":"account","traits":{"provider":"email"}}', '2024-11-10 15:52:01.420013+00', ''),
	('00000000-0000-0000-0000-000000000000', '230ae61f-26e5-4e6b-b94d-4a1210c4a442', '{"action":"logout","actor_id":"66f240f9-30d1-49ca-bc6c-a2e6872a531a","actor_username":"1@packt.com","actor_via_sso":false,"log_type":"account"}', '2024-11-10 15:52:25.621996+00', ''),
	('00000000-0000-0000-0000-000000000000', '65566391-37bc-4ecd-ad57-23342e9001a4', '{"action":"login","actor_id":"66f240f9-30d1-49ca-bc6c-a2e6872a531a","actor_username":"1@packt.com","actor_via_sso":false,"log_type":"account","traits":{"provider":"email"}}', '2024-11-10 15:54:16.713899+00', ''),
	('00000000-0000-0000-0000-000000000000', '68868daf-2f4b-4875-9fc3-b520dee15e1c', '{"action":"logout","actor_id":"66f240f9-30d1-49ca-bc6c-a2e6872a531a","actor_username":"1@packt.com","actor_via_sso":false,"log_type":"account"}', '2024-11-10 16:08:08.677794+00', ''),
	('00000000-0000-0000-0000-000000000000', 'aa036b53-d6db-4d8e-b023-2b16c10cf718', '{"action":"login","actor_id":"8d44df12-5ae2-4cfb-8110-5f2a076a049c","actor_username":"2@2.com","actor_via_sso":false,"log_type":"account","traits":{"provider":"email"}}', '2024-11-10 16:08:16.823487+00', ''),
	('00000000-0000-0000-0000-000000000000', '7db5f867-77b7-4d44-870a-7d224ee5e268', '{"action":"logout","actor_id":"8d44df12-5ae2-4cfb-8110-5f2a076a049c","actor_username":"2@2.com","actor_via_sso":false,"log_type":"account"}', '2024-11-10 16:12:49.074183+00', ''),
	('00000000-0000-0000-0000-000000000000', '6d7f7411-7fdc-47b6-b0c0-f55272c2878c', '{"action":"login","actor_id":"66f240f9-30d1-49ca-bc6c-a2e6872a531a","actor_username":"1@packt.com","actor_via_sso":false,"log_type":"account","traits":{"provider":"email"}}', '2024-11-10 16:12:56.925444+00', ''),
	('00000000-0000-0000-0000-000000000000', '7a7d4e6e-2831-40ef-9dac-25d1bce244d2', '{"action":"logout","actor_id":"66f240f9-30d1-49ca-bc6c-a2e6872a531a","actor_username":"1@packt.com","actor_via_sso":false,"log_type":"account"}', '2024-11-10 16:13:19.439936+00', ''),
	('00000000-0000-0000-0000-000000000000', '9206ae3f-7cff-4428-b042-a64db17685ea', '{"action":"login","actor_id":"8d44df12-5ae2-4cfb-8110-5f2a076a049c","actor_username":"2@2.com","actor_via_sso":false,"log_type":"account","traits":{"provider":"email"}}', '2024-11-10 16:13:27.238737+00', ''),
	('00000000-0000-0000-0000-000000000000', '92a2e4e5-3d70-4f0b-816c-a25528fe204b', '{"action":"logout","actor_id":"8d44df12-5ae2-4cfb-8110-5f2a076a049c","actor_username":"2@2.com","actor_via_sso":false,"log_type":"account"}', '2024-11-10 16:16:48.5025+00', ''),
	('00000000-0000-0000-0000-000000000000', '4c631d0c-31e9-48c4-b2e0-85700fd78a39', '{"action":"login","actor_id":"66f240f9-30d1-49ca-bc6c-a2e6872a531a","actor_username":"1@packt.com","actor_via_sso":false,"log_type":"account","traits":{"provider":"email"}}', '2024-11-10 16:16:55.165644+00', ''),
	('00000000-0000-0000-0000-000000000000', '3222248d-704b-4e1a-a6f2-43dba9e5101e', '{"action":"logout","actor_id":"66f240f9-30d1-49ca-bc6c-a2e6872a531a","actor_username":"1@packt.com","actor_via_sso":false,"log_type":"account"}', '2024-11-10 16:17:03.704759+00', ''),
	('00000000-0000-0000-0000-000000000000', '637c7005-5eb4-491c-8cbb-6b7465f753e7', '{"action":"login","actor_id":"8d44df12-5ae2-4cfb-8110-5f2a076a049c","actor_username":"2@2.com","actor_via_sso":false,"log_type":"account","traits":{"provider":"email"}}', '2024-11-10 18:16:11.076976+00', ''),
	('00000000-0000-0000-0000-000000000000', 'f5ed881e-187d-40f0-81b6-94af9ee05d42', '{"action":"logout","actor_id":"8d44df12-5ae2-4cfb-8110-5f2a076a049c","actor_username":"2@2.com","actor_via_sso":false,"log_type":"account"}', '2024-11-10 18:16:16.10276+00', ''),
	('00000000-0000-0000-0000-000000000000', '3e20bf79-1bc8-42a3-b28f-f6abebeed01b', '{"action":"user_recovery_requested","actor_id":"8d44df12-5ae2-4cfb-8110-5f2a076a049c","actor_username":"2@2.com","actor_via_sso":false,"log_type":"user"}', '2024-11-10 18:56:52.872603+00', ''),
	('00000000-0000-0000-0000-000000000000', '8a49ef0d-e2d3-43e4-a5ff-fcdd6a0ce1ff', '{"action":"user_recovery_requested","actor_id":"8d44df12-5ae2-4cfb-8110-5f2a076a049c","actor_username":"2@2.com","actor_via_sso":false,"log_type":"user"}', '2024-11-10 18:58:29.406736+00', ''),
	('00000000-0000-0000-0000-000000000000', '8274a561-1b23-4df1-a65c-4f7086d81bd4', '{"action":"login","actor_id":"8d44df12-5ae2-4cfb-8110-5f2a076a049c","actor_username":"2@2.com","actor_via_sso":false,"log_type":"account"}', '2024-11-10 18:58:36.949966+00', ''),
	('00000000-0000-0000-0000-000000000000', '7b48f930-6972-424a-8b18-51697b537a29', '{"action":"user_recovery_requested","actor_id":"66f240f9-30d1-49ca-bc6c-a2e6872a531a","actor_username":"1@packt.com","actor_via_sso":false,"log_type":"user"}', '2024-11-10 18:59:04.517066+00', ''),
	('00000000-0000-0000-0000-000000000000', '437064e4-17f0-404f-bbb0-6243d20b2d3b', '{"action":"login","actor_id":"66f240f9-30d1-49ca-bc6c-a2e6872a531a","actor_username":"1@packt.com","actor_via_sso":false,"log_type":"account"}', '2024-11-10 18:59:17.524474+00', ''),
	('00000000-0000-0000-0000-000000000000', '886949e6-73fa-40a9-85b7-776dcc5dfdba', '{"action":"user_recovery_requested","actor_id":"66f240f9-30d1-49ca-bc6c-a2e6872a531a","actor_username":"1@packt.com","actor_via_sso":false,"log_type":"user"}', '2024-11-10 19:05:57.957321+00', ''),
	('00000000-0000-0000-0000-000000000000', 'f5dcfbb0-ad4d-4be4-a3ce-b93a75c1e0d4', '{"action":"user_recovery_requested","actor_id":"66f240f9-30d1-49ca-bc6c-a2e6872a531a","actor_username":"1@packt.com","actor_via_sso":false,"log_type":"user"}', '2024-11-10 19:06:12.323827+00', ''),
	('00000000-0000-0000-0000-000000000000', '8e8fc02c-3013-49ae-942d-5f2d54096e29', '{"action":"login","actor_id":"66f240f9-30d1-49ca-bc6c-a2e6872a531a","actor_username":"1@packt.com","actor_via_sso":false,"log_type":"account"}', '2024-11-10 19:06:35.170229+00', ''),
	('00000000-0000-0000-0000-000000000000', 'e5621f2a-6297-450d-ab89-7ce8f0f95d38', '{"action":"user_signedup","actor_id":"00000000-0000-0000-0000-000000000000","actor_username":"service_role","actor_via_sso":false,"log_type":"team","traits":{"user_email":"pp@gmail.com","user_id":"7427dea8-b6f9-462e-9adc-f2a7d9ce8d8d","user_phone":""}}', '2024-11-10 19:20:49.759709+00', ''),
	('00000000-0000-0000-0000-000000000000', '026b55c5-41c4-4ff1-ac4f-ca86be4ac53a', '{"action":"user_signedup","actor_id":"7427dea8-b6f9-462e-9adc-f2a7d9ce8d8d","actor_username":"pp@gmail.com","actor_via_sso":false,"log_type":"team"}', '2024-11-10 19:21:08.271975+00', ''),
	('00000000-0000-0000-0000-000000000000', '986e85ec-ac80-4730-aee9-781826f695fa', '{"action":"login","actor_id":"7427dea8-b6f9-462e-9adc-f2a7d9ce8d8d","actor_username":"pp@gmail.com","actor_via_sso":false,"log_type":"account","traits":{"provider":"email"}}', '2024-11-10 19:23:35.232297+00', ''),
	('00000000-0000-0000-0000-000000000000', '7c4c6c0b-6ae0-4163-9140-1f7ebc3634b9', '{"action":"logout","actor_id":"7427dea8-b6f9-462e-9adc-f2a7d9ce8d8d","actor_username":"pp@gmail.com","actor_via_sso":false,"log_type":"account"}', '2024-11-10 19:24:17.854985+00', ''),
	('00000000-0000-0000-0000-000000000000', '4aa95845-ab19-49db-87c0-7226d31ad6b8', '{"action":"user_signedup","actor_id":"00000000-0000-0000-0000-000000000000","actor_username":"service_role","actor_via_sso":false,"log_type":"team","traits":{"user_email":"jd@gmail.com","user_id":"4aeeec54-aef9-48ff-99a4-b1937ea8a125","user_phone":""}}', '2024-11-10 19:24:33.466799+00', ''),
	('00000000-0000-0000-0000-000000000000', '85212179-29df-4ffe-b52f-cf753490eaf4', '{"action":"user_signedup","actor_id":"4aeeec54-aef9-48ff-99a4-b1937ea8a125","actor_username":"jd@gmail.com","actor_via_sso":false,"log_type":"team"}', '2024-11-10 19:24:44.415868+00', ''),
	('00000000-0000-0000-0000-000000000000', '4d5599b6-d42d-4afd-96a6-2653bf26d456', '{"action":"logout","actor_id":"4aeeec54-aef9-48ff-99a4-b1937ea8a125","actor_username":"jd@gmail.com","actor_via_sso":false,"log_type":"account"}', '2024-11-10 19:24:48.55933+00', ''),
	('00000000-0000-0000-0000-000000000000', 'a83a7006-fd7f-4394-9014-703e791b15a3', '{"action":"user_signedup","actor_id":"00000000-0000-0000-0000-000000000000","actor_username":"service_role","actor_via_sso":false,"log_type":"team","traits":{"user_email":"chris@packt.com","user_id":"caf05365-413a-4b4a-af76-50bee42487c5","user_phone":""}}', '2024-11-10 19:25:11.104022+00', ''),
	('00000000-0000-0000-0000-000000000000', '475bf391-8634-4423-9c62-82f9638eda5e', '{"action":"user_signedup","actor_id":"caf05365-413a-4b4a-af76-50bee42487c5","actor_username":"chris@packt.com","actor_via_sso":false,"log_type":"team"}', '2024-11-10 19:25:17.595544+00', ''),
	('00000000-0000-0000-0000-000000000000', '421ebd2b-83c5-4381-8248-167e6086cbfb', '{"action":"logout","actor_id":"caf05365-413a-4b4a-af76-50bee42487c5","actor_username":"chris@packt.com","actor_via_sso":false,"log_type":"account"}', '2024-11-10 19:33:27.005488+00', ''),
	('00000000-0000-0000-0000-000000000000', 'f8131a3b-3b15-40a2-8fa3-56b740af816e', '{"action":"user_signedup","actor_id":"00000000-0000-0000-0000-000000000000","actor_username":"service_role","actor_via_sso":false,"log_type":"team","traits":{"user_email":"chibo@email.com","user_id":"fa6dd7af-3d88-4b7d-a012-6909a6c86937","user_phone":""}}', '2024-11-10 19:33:45.616515+00', ''),
	('00000000-0000-0000-0000-000000000000', 'e259c1e5-5ee9-431d-895c-327f8d511459', '{"action":"user_signedup","actor_id":"fa6dd7af-3d88-4b7d-a012-6909a6c86937","actor_username":"chibo@email.com","actor_via_sso":false,"log_type":"team"}', '2024-11-10 19:33:54.177645+00', ''),
	('00000000-0000-0000-0000-000000000000', '65dff751-2a47-4122-b0a2-a67e79dedf3e', '{"action":"logout","actor_id":"fa6dd7af-3d88-4b7d-a012-6909a6c86937","actor_username":"chibo@email.com","actor_via_sso":false,"log_type":"account"}', '2024-11-10 19:33:57.091436+00', ''),
	('00000000-0000-0000-0000-000000000000', 'a0303523-4194-4333-92bc-e5ac310241dd', '{"action":"user_signedup","actor_id":"00000000-0000-0000-0000-000000000000","actor_username":"service_role","actor_via_sso":false,"log_type":"team","traits":{"user_email":"pm@packt.com","user_id":"613f8d28-d972-41cd-9964-e838f6381a47","user_phone":""}}', '2024-11-10 19:35:00.429815+00', ''),
	('00000000-0000-0000-0000-000000000000', '2b82ca4e-90c3-444c-992d-b4575bf4a262', '{"action":"user_signedup","actor_id":"613f8d28-d972-41cd-9964-e838f6381a47","actor_username":"pm@packt.com","actor_via_sso":false,"log_type":"team"}', '2024-11-10 19:35:15.706164+00', ''),
	('00000000-0000-0000-0000-000000000000', 'af819a7a-353e-4d80-83c0-23cb2344b533', '{"action":"logout","actor_id":"613f8d28-d972-41cd-9964-e838f6381a47","actor_username":"pm@packt.com","actor_via_sso":false,"log_type":"account"}', '2024-11-10 19:35:18.533465+00', ''),
	('00000000-0000-0000-0000-000000000000', '85553856-4244-4117-87c6-00b3beabef00', '{"action":"user_recovery_requested","actor_id":"613f8d28-d972-41cd-9964-e838f6381a47","actor_username":"pm@packt.com","actor_via_sso":false,"log_type":"user"}', '2024-11-10 19:36:49.335736+00', ''),
	('00000000-0000-0000-0000-000000000000', '6cd1aad4-6c35-452b-bde7-8ae5d3b779ed', '{"action":"user_recovery_requested","actor_id":"613f8d28-d972-41cd-9964-e838f6381a47","actor_username":"pm@packt.com","actor_via_sso":false,"log_type":"user"}', '2024-11-10 19:38:48.001952+00', ''),
	('00000000-0000-0000-0000-000000000000', 'f1a17794-b355-4267-a432-5a601d267345', '{"action":"user_recovery_requested","actor_id":"613f8d28-d972-41cd-9964-e838f6381a47","actor_username":"pm@packt.com","actor_via_sso":false,"log_type":"user"}', '2024-11-10 19:41:13.207307+00', ''),
	('00000000-0000-0000-0000-000000000000', 'ecfb327a-c44a-41fa-aa48-f04a5a01c742', '{"action":"login","actor_id":"613f8d28-d972-41cd-9964-e838f6381a47","actor_username":"pm@packt.com","actor_via_sso":false,"log_type":"account"}', '2024-11-10 19:41:21.860959+00', ''),
	('00000000-0000-0000-0000-000000000000', '56b5dd63-1b96-460d-a145-3b2ce2de9951', '{"action":"user_updated_password","actor_id":"613f8d28-d972-41cd-9964-e838f6381a47","actor_username":"pm@packt.com","actor_via_sso":false,"log_type":"user"}', '2024-11-10 19:41:28.945509+00', ''),
	('00000000-0000-0000-0000-000000000000', '86a1af35-0531-4345-ae4d-3130596b6095', '{"action":"user_modified","actor_id":"613f8d28-d972-41cd-9964-e838f6381a47","actor_username":"pm@packt.com","actor_via_sso":false,"log_type":"user"}', '2024-11-10 19:41:28.945883+00', ''),
	('00000000-0000-0000-0000-000000000000', 'd3c0c3ae-11b7-4b71-9fa5-88ee0fab8629', '{"action":"logout","actor_id":"613f8d28-d972-41cd-9964-e838f6381a47","actor_username":"pm@packt.com","actor_via_sso":false,"log_type":"account"}', '2024-11-10 20:19:20.572849+00', ''),
	('00000000-0000-0000-0000-000000000000', '6ec0be2a-0bf8-4daf-a21e-d7a0212e2315', '{"action":"user_signedup","actor_id":"00000000-0000-0000-0000-000000000000","actor_username":"service_role","actor_via_sso":false,"log_type":"team","traits":{"user_email":"hp@packt.com","user_id":"bfa114bc-507b-4d63-96e3-f47b87875bb5","user_phone":""}}', '2024-11-10 20:19:54.450653+00', ''),
	('00000000-0000-0000-0000-000000000000', '097fc8e7-d7cf-458d-b52a-1be6e03d11c1', '{"action":"user_deleted","actor_id":"00000000-0000-0000-0000-000000000000","actor_username":"service_role","actor_via_sso":false,"log_type":"team","traits":{"user_email":"hp@packt.com","user_id":"bfa114bc-507b-4d63-96e3-f47b87875bb5","user_phone":""}}', '2024-11-10 20:19:54.464738+00', ''),
	('00000000-0000-0000-0000-000000000000', '25e346d0-3816-4ed1-a21c-bd7a86f33ea0', '{"action":"user_signedup","actor_id":"00000000-0000-0000-0000-000000000000","actor_username":"service_role","actor_via_sso":false,"log_type":"team","traits":{"user_email":"hp@packt.com","user_id":"66ea6de1-ff22-4a61-bbee-3d681fd5e6e0","user_phone":""}}', '2024-11-10 20:25:22.182704+00', ''),
	('00000000-0000-0000-0000-000000000000', '7b41c10e-3b91-4a5a-ac4a-8703b816c0d7', '{"action":"user_deleted","actor_id":"00000000-0000-0000-0000-000000000000","actor_username":"service_role","actor_via_sso":false,"log_type":"team","traits":{"user_email":"hp@packt.com","user_id":"66ea6de1-ff22-4a61-bbee-3d681fd5e6e0","user_phone":""}}', '2024-11-10 20:25:22.195693+00', ''),
	('00000000-0000-0000-0000-000000000000', '7b1bd264-8f0b-4aa8-a005-f27fc0064d91', '{"action":"user_signedup","actor_id":"00000000-0000-0000-0000-000000000000","actor_username":"service_role","actor_via_sso":false,"log_type":"team","traits":{"user_email":"aj@email.com","user_id":"5417bee7-c076-418a-902c-b8ef03a151be","user_phone":""}}', '2024-11-10 20:26:44.765608+00', ''),
	('00000000-0000-0000-0000-000000000000', '3f5cfb0c-7cf3-4b8e-bf68-ec663383aa9d', '{"action":"user_signedup","actor_id":"5417bee7-c076-418a-902c-b8ef03a151be","actor_username":"aj@email.com","actor_via_sso":false,"log_type":"team"}', '2024-11-10 20:26:55.547538+00', ''),
	('00000000-0000-0000-0000-000000000000', 'a2524289-130c-4ad6-a49a-195933830044', '{"action":"logout","actor_id":"5417bee7-c076-418a-902c-b8ef03a151be","actor_username":"aj@email.com","actor_via_sso":false,"log_type":"account"}', '2024-11-10 20:27:24.106266+00', ''),
	('00000000-0000-0000-0000-000000000000', 'b2b3190a-f518-42f3-b0c9-cdd8535a40e3', '{"action":"user_signedup","actor_id":"00000000-0000-0000-0000-000000000000","actor_username":"service_role","actor_via_sso":false,"log_type":"team","traits":{"user_email":"hp@packt.com","user_id":"09f752a0-8834-426d-89c7-1bd6f53c98b6","user_phone":""}}', '2024-11-10 20:27:45.892674+00', ''),
	('00000000-0000-0000-0000-000000000000', '042abaa2-4a95-48f2-88b8-9403257cf635', '{"action":"user_deleted","actor_id":"00000000-0000-0000-0000-000000000000","actor_username":"service_role","actor_via_sso":false,"log_type":"team","traits":{"user_email":"hp@packt.com","user_id":"09f752a0-8834-426d-89c7-1bd6f53c98b6","user_phone":""}}', '2024-11-10 20:27:45.907256+00', ''),
	('00000000-0000-0000-0000-000000000000', '28222556-2207-46b5-af40-29d8a735f618', '{"action":"user_signedup","actor_id":"00000000-0000-0000-0000-000000000000","actor_username":"service_role","actor_via_sso":false,"log_type":"team","traits":{"user_email":"hp@packt.com","user_id":"a99c8a10-23ac-4324-91a7-be701d41cf74","user_phone":""}}', '2024-11-10 20:32:43.352624+00', ''),
	('00000000-0000-0000-0000-000000000000', '4c09989e-0015-41d4-9ae6-db027fdf4557', '{"action":"user_deleted","actor_id":"00000000-0000-0000-0000-000000000000","actor_username":"service_role","actor_via_sso":false,"log_type":"team","traits":{"user_email":"hp@packt.com","user_id":"a99c8a10-23ac-4324-91a7-be701d41cf74","user_phone":""}}', '2024-11-10 20:32:43.367652+00', ''),
	('00000000-0000-0000-0000-000000000000', '84c6a38b-93a2-4160-8bb9-63ba1d7cce75', '{"action":"user_signedup","actor_id":"00000000-0000-0000-0000-000000000000","actor_username":"service_role","actor_via_sso":false,"log_type":"team","traits":{"user_email":"pm@email.com","user_id":"1bf8ebad-6832-4e3b-a478-36f400a34b2c","user_phone":""}}', '2024-11-10 20:35:17.612867+00', ''),
	('00000000-0000-0000-0000-000000000000', 'e4505759-b701-499f-b7ec-6c632e478c4d', '{"action":"user_signedup","actor_id":"1bf8ebad-6832-4e3b-a478-36f400a34b2c","actor_username":"pm@email.com","actor_via_sso":false,"log_type":"team"}', '2024-11-10 20:35:42.641456+00', ''),
	('00000000-0000-0000-0000-000000000000', '52d22706-a64b-4bd0-a24b-750924bfd1c8', '{"action":"logout","actor_id":"1bf8ebad-6832-4e3b-a478-36f400a34b2c","actor_username":"pm@email.com","actor_via_sso":false,"log_type":"account"}', '2024-11-10 20:35:48.414976+00', ''),
	('00000000-0000-0000-0000-000000000000', '1b5b87d4-3468-4b55-9ed9-c30fdb3305cc', '{"action":"user_signedup","actor_id":"00000000-0000-0000-0000-000000000000","actor_username":"service_role","actor_via_sso":false,"log_type":"team","traits":{"user_email":"hp@packt.com","user_id":"26d843dc-ec88-46e6-8e44-93bbade1bba4","user_phone":""}}', '2024-11-10 20:36:34.701761+00', ''),
	('00000000-0000-0000-0000-000000000000', 'aecc6c50-d884-450a-9ec6-57c91c11b834', '{"action":"user_deleted","actor_id":"00000000-0000-0000-0000-000000000000","actor_username":"service_role","actor_via_sso":false,"log_type":"team","traits":{"user_email":"hp@packt.com","user_id":"26d843dc-ec88-46e6-8e44-93bbade1bba4","user_phone":""}}', '2024-11-10 20:36:34.715936+00', ''),
	('00000000-0000-0000-0000-000000000000', '66b57f4b-4179-446f-94e5-b6da3622c715', '{"action":"user_signedup","actor_id":"00000000-0000-0000-0000-000000000000","actor_username":"service_role","actor_via_sso":false,"log_type":"team","traits":{"user_email":"terry@foxtons.com","user_id":"e9468c30-1a8a-41ce-a72a-38af26b1bc5b","user_phone":""}}', '2024-11-10 20:39:09.798604+00', ''),
	('00000000-0000-0000-0000-000000000000', '85fd70e0-76e1-40e9-9c6c-fff4be98d85b', '{"action":"user_deleted","actor_id":"00000000-0000-0000-0000-000000000000","actor_username":"service_role","actor_via_sso":false,"log_type":"team","traits":{"user_email":"terry@foxtons.com","user_id":"e9468c30-1a8a-41ce-a72a-38af26b1bc5b","user_phone":""}}', '2024-11-10 20:39:09.81246+00', '');


--
-- Data for Name: flow_state; Type: TABLE DATA; Schema: auth; Owner: supabase_auth_admin
--

INSERT INTO "auth"."flow_state" ("id", "user_id", "auth_code", "code_challenge_method", "code_challenge", "provider_type", "provider_access_token", "provider_refresh_token", "created_at", "updated_at", "authentication_method", "auth_code_issued_at") VALUES
	('66d7c57f-9898-459c-8e2f-d1605831d4fa', '66f240f9-30d1-49ca-bc6c-a2e6872a531a', 'c13f9b61-8958-4875-adba-f45e76837a2f', 's256', 'xTVL_HtdJiGvBFDM9j31lagFPwd8iMm0vLXrL3E8Z6U', 'magiclink', '', '', '2024-10-29 22:02:39.99339+00', '2024-10-29 22:02:39.99339+00', 'magiclink', NULL),
	('9ad5e13a-cefd-4393-b6b6-5be50e846452', '66f240f9-30d1-49ca-bc6c-a2e6872a531a', 'd91effd9-3fd7-44c1-816a-5549332832bc', 's256', 'TSM6DnvtnnsjNgmpsmhERXkEa3Lwb7gTqyxZ8iPovj4', 'magiclink', '', '', '2024-10-29 22:03:19.652405+00', '2024-10-29 22:03:19.652405+00', 'magiclink', NULL),
	('d755aca1-ef22-4c24-b1e7-31e898cd135f', '66f240f9-30d1-49ca-bc6c-a2e6872a531a', '13623ce3-f672-4cd2-bcdb-ad14cfd7ea9c', 's256', 'EIxI15DaiAINOhwiswPHFbC23uWeoxxkGvEMSH7za74', 'magiclink', '', '', '2024-10-29 22:04:35.585816+00', '2024-10-29 22:04:35.585816+00', 'magiclink', NULL),
	('0ab36292-b2ca-480c-b19e-297c78e50266', '66f240f9-30d1-49ca-bc6c-a2e6872a531a', 'ddd4a612-9b7b-43f6-90df-c7415cdb34c0', 's256', 'Pal10Kk4y3Kcvmo88u5gWHZ2968K4RxtJZXnlGUXIxk', 'magiclink', '', '', '2024-10-29 22:08:03.752656+00', '2024-10-29 22:08:03.752656+00', 'magiclink', NULL),
	('51af5507-1cfb-40f2-88f1-811a300e215e', '66f240f9-30d1-49ca-bc6c-a2e6872a531a', '762edf07-f9f3-4486-8edb-c556ef355e41', 's256', '7u8zem6MokdFCa5D_4D2uqkNdrAC6_w33bu4IqFbSts', 'magiclink', '', '', '2024-10-29 22:08:11.658322+00', '2024-10-29 22:08:11.658322+00', 'magiclink', NULL),
	('1f369dfc-a681-4474-ae18-aac2c3dc665c', '66f240f9-30d1-49ca-bc6c-a2e6872a531a', 'f6bdc91d-92a8-44ff-aba7-0ca4d44110fb', 's256', 'Kno8E1Pc_uhk6saPqAxnpHc-Gql16zLGmitU7RWrUsI', 'magiclink', '', '', '2024-10-29 22:09:45.867334+00', '2024-10-29 22:10:19.744653+00', 'magiclink', '2024-10-29 22:10:19.744638+00');


--
-- Data for Name: users; Type: TABLE DATA; Schema: auth; Owner: supabase_auth_admin
--

INSERT INTO "auth"."users" ("instance_id", "id", "aud", "role", "email", "encrypted_password", "email_confirmed_at", "invited_at", "confirmation_token", "confirmation_sent_at", "recovery_token", "recovery_sent_at", "email_change_token_new", "email_change", "email_change_sent_at", "last_sign_in_at", "raw_app_meta_data", "raw_user_meta_data", "is_super_admin", "created_at", "updated_at", "phone", "phone_confirmed_at", "phone_change", "phone_change_token", "phone_change_sent_at", "email_change_token_current", "email_change_confirm_status", "banned_until", "reauthentication_token", "reauthentication_sent_at", "is_sso_user", "deleted_at", "is_anonymous") VALUES
	('00000000-0000-0000-0000-000000000000', '5417bee7-c076-418a-902c-b8ef03a151be', 'authenticated', 'authenticated', 'aj@email.com', '$2a$10$lBEKdWElHfi5K8SURAW3deq0SDvIRGHHz95Peq0OerB6NdYJtyezS', '2024-11-10 20:26:55.547935+00', NULL, '', '2024-11-10 20:26:44.776109+00', '', NULL, '', '', NULL, '2024-11-10 20:26:55.549176+00', '{"tenants": [], "provider": "email", "providers": ["email"], "user_type": "consumer"}', '{}', NULL, '2024-11-10 20:26:44.764495+00', '2024-11-10 20:26:55.550231+00', NULL, NULL, '', '', NULL, '', 0, NULL, '', NULL, false, NULL, false),
	('00000000-0000-0000-0000-000000000000', '1bf8ebad-6832-4e3b-a478-36f400a34b2c', 'authenticated', 'authenticated', 'pm@email.com', '$2a$10$M4hSgHd.gvBgzKVSOKe7zefFBfeJEwhs97Fk/lVaEEp7X.BBkYI3m', '2024-11-10 20:35:42.642117+00', NULL, '', '2024-11-10 20:35:17.627554+00', '', NULL, '', '', NULL, '2024-11-10 20:35:42.643198+00', '{"tenants": [], "provider": "email", "providers": ["email"], "user_type": "consumer"}', '{}', NULL, '2024-11-10 20:35:17.611798+00', '2024-11-10 20:35:42.644176+00', NULL, NULL, '', '', NULL, '', 0, NULL, '', NULL, false, NULL, false),
	('00000000-0000-0000-0000-000000000000', '7f58d9c6-d990-4e7f-94eb-bb04f4ce41d1', 'authenticated', 'authenticated', '3@2.com', '$2a$10$8WXqimw.evZa5QRQf.NDLevyLqczr6uyI6ZlZB3f/kT6V/rD0uBC2', NULL, NULL, '50da9d184c72d61333c9636fd0eb5ebe016bed18a2ca4ca10e7e8808', '2024-10-29 23:12:24.844968+00', '', NULL, '', '', NULL, NULL, '{"provider": "email", "providers": ["email"]}', '{}', NULL, '2024-10-29 23:12:24.920322+00', '2024-10-29 23:12:24.924201+00', NULL, NULL, '', '', NULL, '', 0, NULL, '', NULL, false, NULL, false),
	('00000000-0000-0000-0000-000000000000', 'b2e98cc0-4ffe-44f8-a2ef-a754acf5cb0b', 'authenticated', 'authenticated', 'peter@packt.com', '$2a$10$2/eHE.dPnz6raZDC.Abdce8MR5RJ83rCe7H2yjgtuLG1tX.oZXGqe', NULL, NULL, '', NULL, '', NULL, '', '', NULL, NULL, '{"tenants": ["packt"], "provider": "email", "providers": ["email"], "user_type": "business"}', '{}', NULL, '2024-11-10 15:33:59.06315+00', '2024-11-10 15:33:59.065689+00', NULL, NULL, '', '', NULL, '', 0, NULL, '', NULL, false, NULL, false),
	('00000000-0000-0000-0000-000000000000', '63eb1714-eb58-44cb-8d11-7525844b61bc', 'authenticated', 'authenticated', 'hello@email.com', '$2a$10$HT7iBeCZmAN/TgxywadFfuZHsduwmSVm/e93kLiBvX4/XuEfY/HaS', NULL, NULL, '', NULL, '', NULL, '', '', NULL, NULL, '{"tenants": [], "provider": "email", "providers": ["email"], "user_type": "consumer"}', '{}', NULL, '2024-11-10 00:23:52.470382+00', '2024-11-10 00:23:52.474767+00', NULL, NULL, '', '', NULL, '', 0, NULL, '', NULL, false, NULL, false),
	('00000000-0000-0000-0000-000000000000', '2e399d0a-8e86-4d45-b799-00da8c027574', 'authenticated', 'authenticated', 'viktor.lenard@gmail.com', '$2a$10$ECc7hBNAV03rjPCtaAXvnO1JpZzwvujBCLfdiNAdaRyAV7WXMGUOy', NULL, NULL, '', NULL, '', NULL, '', '', NULL, NULL, '{"tenants": [], "provider": "email", "providers": ["email"], "user_type": "consumer"}', '{}', NULL, '2024-11-10 15:35:36.530995+00', '2024-11-10 15:35:36.532836+00', NULL, NULL, '', '', NULL, '', 0, NULL, '', NULL, false, NULL, false),
	('00000000-0000-0000-0000-000000000000', '915530f4-ce1c-4f35-8375-5eba064caf4a', 'authenticated', 'authenticated', 'hi@email.com', '$2a$10$j.3gZ5iAEuPYhYMBKCwKE.mdmY4qUuNNV.Nu3SXV5nqVQf4c8X0qG', NULL, NULL, '', NULL, '', NULL, '', '', NULL, NULL, '{"tenants": [], "provider": "email", "providers": ["email"], "user_type": "consumer"}', '{}', NULL, '2024-11-10 00:27:00.668633+00', '2024-11-10 00:27:00.670515+00', NULL, NULL, '', '', NULL, '', 0, NULL, '', NULL, false, NULL, false),
	('00000000-0000-0000-0000-000000000000', '8d44df12-5ae2-4cfb-8110-5f2a076a049c', 'authenticated', 'authenticated', '2@2.com', '$2a$10$RQcC8nDX3.kBYWSEGlbb7.sxGgp6QJUTMOOYIA82jKaabSd.Pn4hq', '2024-10-27 16:05:36.630596+00', NULL, '', NULL, '', '2024-11-10 18:58:29.406584+00', '', '', NULL, '2024-11-10 18:58:36.951344+00', '{"provider": "email", "providers": ["email"], "user_type": "consumer"}', '{}', NULL, '2024-10-27 16:05:36.628695+00', '2024-11-10 18:58:36.952298+00', NULL, NULL, '', '', NULL, '', 0, NULL, '', NULL, false, NULL, false),
	('00000000-0000-0000-0000-000000000000', '7427dea8-b6f9-462e-9adc-f2a7d9ce8d8d', 'authenticated', 'authenticated', 'pp@gmail.com', '$2a$10$2kG3VFD0mLWfd3qvErcOk.Usxn08QtG1aRB.Y6tWn5q5rX1QSjq.W', '2024-11-10 19:21:08.272424+00', NULL, '', '2024-11-10 19:20:49.772191+00', '', NULL, '', '', NULL, '2024-11-10 19:23:35.232808+00', '{"tenants": [], "provider": "email", "providers": ["email"], "user_type": "consumer"}', '{}', NULL, '2024-11-10 19:20:49.758502+00', '2024-11-10 19:23:35.233869+00', NULL, NULL, '', '', NULL, '', 0, NULL, '', NULL, false, NULL, false),
	('00000000-0000-0000-0000-000000000000', '66f240f9-30d1-49ca-bc6c-a2e6872a531a', 'authenticated', 'authenticated', '1@packt.com', '$2a$10$1RZ1o1z3oggMaSA3BGQAE.l6CJ8fHAsenlUnF0DJ6SBsnxlSF3l1S', '2024-10-27 16:05:18.974805+00', NULL, '', NULL, '', '2024-11-10 19:06:12.323641+00', '', '', NULL, '2024-11-10 19:06:35.171187+00', '{"tenants": ["packt", "merton"], "provider": "email", "providers": ["email"], "user_type": "business"}', '{}', NULL, '2024-10-27 16:05:18.970117+00', '2024-11-10 19:06:35.17225+00', NULL, NULL, '', '', NULL, '', 0, NULL, '', NULL, false, NULL, false),
	('00000000-0000-0000-0000-000000000000', '4aeeec54-aef9-48ff-99a4-b1937ea8a125', 'authenticated', 'authenticated', 'jd@gmail.com', '$2a$10$MEABzGU0cnFLltAHBdHCceevLB.zbFSpYcFfLptBh8bmnuDH/VwuS', '2024-11-10 19:24:44.416297+00', NULL, '', '2024-11-10 19:24:33.478609+00', '', NULL, '', '', NULL, '2024-11-10 19:24:44.417561+00', '{"tenants": [], "provider": "email", "providers": ["email"], "user_type": "consumer"}', '{}', NULL, '2024-11-10 19:24:33.465667+00', '2024-11-10 19:24:44.418548+00', NULL, NULL, '', '', NULL, '', 0, NULL, '', NULL, false, NULL, false),
	('00000000-0000-0000-0000-000000000000', 'fa6dd7af-3d88-4b7d-a012-6909a6c86937', 'authenticated', 'authenticated', 'chibo@email.com', '$2a$10$ooTs4aNQzlH3F/1zRXdEKuYmw.1vwzR8sW5i0LOLn0eMl5llwX8za', '2024-11-10 19:33:54.178107+00', NULL, '', '2024-11-10 19:33:45.627722+00', '', NULL, '', '', NULL, '2024-11-10 19:33:54.179188+00', '{"tenants": [], "provider": "email", "providers": ["email"], "user_type": "consumer"}', '{}', NULL, '2024-11-10 19:33:45.615258+00', '2024-11-10 19:33:54.180217+00', NULL, NULL, '', '', NULL, '', 0, NULL, '', NULL, false, NULL, false),
	('00000000-0000-0000-0000-000000000000', 'caf05365-413a-4b4a-af76-50bee42487c5', 'authenticated', 'authenticated', 'chris@packt.com', '$2a$10$wIhAX1rLSzA8LNlNAYJBBOyWT4h4JAjEiS6twJ94HSMPC8ZHSDYKm', '2024-11-10 19:25:17.59605+00', NULL, '', '2024-11-10 19:25:11.118484+00', '', NULL, '', '', NULL, '2024-11-10 19:25:17.597456+00', '{"tenants": ["packt"], "provider": "email", "providers": ["email"], "user_type": "business"}', '{}', NULL, '2024-11-10 19:25:11.102965+00', '2024-11-10 19:25:17.598833+00', NULL, NULL, '', '', NULL, '', 0, NULL, '', NULL, false, NULL, false),
	('00000000-0000-0000-0000-000000000000', '613f8d28-d972-41cd-9964-e838f6381a47', 'authenticated', 'authenticated', 'pm@packt.com', '$2a$10$IeqpJ5zgxqlck1mBpomtvuziZCuMcI008xZCNkweeIVOHQLi43atu', '2024-11-10 19:35:15.706564+00', NULL, '', NULL, '', NULL, '', '', NULL, '2024-11-10 19:41:21.861795+00', '{"tenants": ["packt"], "provider": "email", "providers": ["email"], "user_type": "business"}', '{}', NULL, '2024-11-10 19:35:00.428704+00', '2024-11-10 19:41:28.944607+00', NULL, NULL, '', '', NULL, '', 0, NULL, '', NULL, false, NULL, false);


--
-- Data for Name: identities; Type: TABLE DATA; Schema: auth; Owner: supabase_auth_admin
--

INSERT INTO "auth"."identities" ("provider_id", "user_id", "identity_data", "provider", "last_sign_in_at", "created_at", "updated_at", "id") VALUES
	('66f240f9-30d1-49ca-bc6c-a2e6872a531a', '66f240f9-30d1-49ca-bc6c-a2e6872a531a', '{"sub": "66f240f9-30d1-49ca-bc6c-a2e6872a531a", "email": "1@2.com", "email_verified": false, "phone_verified": false}', 'email', '2024-10-27 16:05:18.973221+00', '2024-10-27 16:05:18.973246+00', '2024-10-27 16:05:18.973246+00', '7289b72d-fdc4-44c5-9f09-a15e63b7d071'),
	('8d44df12-5ae2-4cfb-8110-5f2a076a049c', '8d44df12-5ae2-4cfb-8110-5f2a076a049c', '{"sub": "8d44df12-5ae2-4cfb-8110-5f2a076a049c", "email": "2@2.com", "email_verified": false, "phone_verified": false}', 'email', '2024-10-27 16:05:36.629479+00', '2024-10-27 16:05:36.629498+00', '2024-10-27 16:05:36.629498+00', 'dcc0cceb-6732-44f1-96f4-3c7e72d4e475'),
	('7f58d9c6-d990-4e7f-94eb-bb04f4ce41d1', '7f58d9c6-d990-4e7f-94eb-bb04f4ce41d1', '{"sub": "7f58d9c6-d990-4e7f-94eb-bb04f4ce41d1", "email": "3@2.com", "email_verified": false, "phone_verified": false}', 'email', '2024-10-29 23:12:24.923114+00', '2024-10-29 23:12:24.923138+00', '2024-10-29 23:12:24.923138+00', '52880753-97ab-413f-8ed1-7b5c02dfdc55'),
	('63eb1714-eb58-44cb-8d11-7525844b61bc', '63eb1714-eb58-44cb-8d11-7525844b61bc', '{"sub": "63eb1714-eb58-44cb-8d11-7525844b61bc", "email": "hello@email.com", "email_verified": false, "phone_verified": false}', 'email', '2024-11-10 00:23:52.473364+00', '2024-11-10 00:23:52.473388+00', '2024-11-10 00:23:52.473388+00', '19e3be2a-1de0-4c0d-b635-1efd46319447'),
	('915530f4-ce1c-4f35-8375-5eba064caf4a', '915530f4-ce1c-4f35-8375-5eba064caf4a', '{"sub": "915530f4-ce1c-4f35-8375-5eba064caf4a", "email": "hi@email.com", "email_verified": false, "phone_verified": false}', 'email', '2024-11-10 00:27:00.66925+00', '2024-11-10 00:27:00.669271+00', '2024-11-10 00:27:00.669271+00', '50e730a6-189a-44bf-aaee-9d128d687fe8'),
	('b2e98cc0-4ffe-44f8-a2ef-a754acf5cb0b', 'b2e98cc0-4ffe-44f8-a2ef-a754acf5cb0b', '{"sub": "b2e98cc0-4ffe-44f8-a2ef-a754acf5cb0b", "email": "peter@packt.com", "email_verified": false, "phone_verified": false}', 'email', '2024-11-10 15:33:59.06412+00', '2024-11-10 15:33:59.064163+00', '2024-11-10 15:33:59.064163+00', '4ec89288-2912-4b7c-9ac7-2fe1a68c27e3'),
	('2e399d0a-8e86-4d45-b799-00da8c027574', '2e399d0a-8e86-4d45-b799-00da8c027574', '{"sub": "2e399d0a-8e86-4d45-b799-00da8c027574", "email": "viktor.lenard@gmail.com", "email_verified": false, "phone_verified": false}', 'email', '2024-11-10 15:35:36.531675+00', '2024-11-10 15:35:36.531699+00', '2024-11-10 15:35:36.531699+00', '1d9270e4-c5d4-48c4-a4f6-3ffb9e50653b'),
	('7427dea8-b6f9-462e-9adc-f2a7d9ce8d8d', '7427dea8-b6f9-462e-9adc-f2a7d9ce8d8d', '{"sub": "7427dea8-b6f9-462e-9adc-f2a7d9ce8d8d", "email": "pp@gmail.com", "email_verified": false, "phone_verified": false}', 'email', '2024-11-10 19:20:49.759229+00', '2024-11-10 19:20:49.759256+00', '2024-11-10 19:20:49.759256+00', 'cb66e5dd-d303-410a-b028-a7ea25f6922a'),
	('4aeeec54-aef9-48ff-99a4-b1937ea8a125', '4aeeec54-aef9-48ff-99a4-b1937ea8a125', '{"sub": "4aeeec54-aef9-48ff-99a4-b1937ea8a125", "email": "jd@gmail.com", "email_verified": false, "phone_verified": false}', 'email', '2024-11-10 19:24:33.466316+00', '2024-11-10 19:24:33.466338+00', '2024-11-10 19:24:33.466338+00', '038384c3-b588-4da9-8ad7-eed4f6abf624'),
	('caf05365-413a-4b4a-af76-50bee42487c5', 'caf05365-413a-4b4a-af76-50bee42487c5', '{"sub": "caf05365-413a-4b4a-af76-50bee42487c5", "email": "chris@packt.com", "email_verified": false, "phone_verified": false}', 'email', '2024-11-10 19:25:11.103561+00', '2024-11-10 19:25:11.103584+00', '2024-11-10 19:25:11.103584+00', 'ba7657a1-6409-4d54-9927-236a079f6787'),
	('fa6dd7af-3d88-4b7d-a012-6909a6c86937', 'fa6dd7af-3d88-4b7d-a012-6909a6c86937', '{"sub": "fa6dd7af-3d88-4b7d-a012-6909a6c86937", "email": "chibo@email.com", "email_verified": false, "phone_verified": false}', 'email', '2024-11-10 19:33:45.615944+00', '2024-11-10 19:33:45.615966+00', '2024-11-10 19:33:45.615966+00', 'daa486c7-9daa-4137-b710-b2343ec40d5c'),
	('613f8d28-d972-41cd-9964-e838f6381a47', '613f8d28-d972-41cd-9964-e838f6381a47', '{"sub": "613f8d28-d972-41cd-9964-e838f6381a47", "email": "pm@packt.com", "email_verified": false, "phone_verified": false}', 'email', '2024-11-10 19:35:00.429323+00', '2024-11-10 19:35:00.429346+00', '2024-11-10 19:35:00.429346+00', 'daf8faa3-676e-4c9c-b259-205bdf4cec9f'),
	('5417bee7-c076-418a-902c-b8ef03a151be', '5417bee7-c076-418a-902c-b8ef03a151be', '{"sub": "5417bee7-c076-418a-902c-b8ef03a151be", "email": "aj@email.com", "email_verified": false, "phone_verified": false}', 'email', '2024-11-10 20:26:44.765128+00', '2024-11-10 20:26:44.765148+00', '2024-11-10 20:26:44.765148+00', '86a242c0-46df-4466-8c58-649b8a29b97e'),
	('1bf8ebad-6832-4e3b-a478-36f400a34b2c', '1bf8ebad-6832-4e3b-a478-36f400a34b2c', '{"sub": "1bf8ebad-6832-4e3b-a478-36f400a34b2c", "email": "pm@email.com", "email_verified": false, "phone_verified": false}', 'email', '2024-11-10 20:35:17.612444+00', '2024-11-10 20:35:17.612465+00', '2024-11-10 20:35:17.612465+00', '4f0d841c-12ad-43a8-b417-5fed8923a43c');


--
-- Data for Name: instances; Type: TABLE DATA; Schema: auth; Owner: supabase_auth_admin
--



--
-- Data for Name: sessions; Type: TABLE DATA; Schema: auth; Owner: supabase_auth_admin
--

INSERT INTO "auth"."sessions" ("id", "user_id", "created_at", "updated_at", "factor_id", "aal", "not_after", "refreshed_at", "user_agent", "ip", "tag") VALUES
	('38e6fd82-9f87-4c5a-bf3e-3627784b360e', '8d44df12-5ae2-4cfb-8110-5f2a076a049c', '2024-11-10 18:58:36.951408+00', '2024-11-10 18:58:36.951408+00', NULL, 'aal1', NULL, NULL, 'node', '172.19.0.1', NULL),
	('ea8f655c-ce91-420a-aad6-6b281b735588', '66f240f9-30d1-49ca-bc6c-a2e6872a531a', '2024-11-10 18:59:17.525888+00', '2024-11-10 18:59:17.525888+00', NULL, 'aal1', NULL, NULL, 'node', '172.19.0.1', NULL),
	('77e142f8-e180-4aac-abba-ab503b8606cc', '66f240f9-30d1-49ca-bc6c-a2e6872a531a', '2024-11-10 19:06:35.171237+00', '2024-11-10 19:06:35.171237+00', NULL, 'aal1', NULL, NULL, 'node', '172.19.0.1', NULL);


--
-- Data for Name: mfa_amr_claims; Type: TABLE DATA; Schema: auth; Owner: supabase_auth_admin
--

INSERT INTO "auth"."mfa_amr_claims" ("session_id", "created_at", "updated_at", "authentication_method", "id") VALUES
	('38e6fd82-9f87-4c5a-bf3e-3627784b360e', '2024-11-10 18:58:36.952435+00', '2024-11-10 18:58:36.952435+00', 'otp', '71c809c4-dc5c-4fb0-95a2-9ee753263d00'),
	('ea8f655c-ce91-420a-aad6-6b281b735588', '2024-11-10 18:59:17.527179+00', '2024-11-10 18:59:17.527179+00', 'otp', '08d2247a-8abc-4a9b-8aaa-5d2f6ead8c8d'),
	('77e142f8-e180-4aac-abba-ab503b8606cc', '2024-11-10 19:06:35.172478+00', '2024-11-10 19:06:35.172478+00', 'otp', 'ad840aa4-b3dd-4e1d-870e-b3f69de02e39');


--
-- Data for Name: mfa_factors; Type: TABLE DATA; Schema: auth; Owner: supabase_auth_admin
--



--
-- Data for Name: mfa_challenges; Type: TABLE DATA; Schema: auth; Owner: supabase_auth_admin
--



--
-- Data for Name: one_time_tokens; Type: TABLE DATA; Schema: auth; Owner: supabase_auth_admin
--

INSERT INTO "auth"."one_time_tokens" ("id", "user_id", "token_type", "token_hash", "relates_to", "created_at", "updated_at") VALUES
	('cc0dda2e-e1e7-4197-a7ab-08333ea31067', '7f58d9c6-d990-4e7f-94eb-bb04f4ce41d1', 'confirmation_token', '50da9d184c72d61333c9636fd0eb5ebe016bed18a2ca4ca10e7e8808', '3@2.com', '2024-10-29 23:12:24.925151', '2024-10-29 23:12:24.925151');


--
-- Data for Name: refresh_tokens; Type: TABLE DATA; Schema: auth; Owner: supabase_auth_admin
--

INSERT INTO "auth"."refresh_tokens" ("instance_id", "id", "token", "user_id", "revoked", "created_at", "updated_at", "parent", "session_id") VALUES
	('00000000-0000-0000-0000-000000000000', 228, '2DcGpmJ5YaEWcgVqITsnXQ', '8d44df12-5ae2-4cfb-8110-5f2a076a049c', false, '2024-11-10 18:58:36.951842+00', '2024-11-10 18:58:36.951842+00', NULL, '38e6fd82-9f87-4c5a-bf3e-3627784b360e'),
	('00000000-0000-0000-0000-000000000000', 229, 'rHY5gGBVhhos0b7fCuu1fA', '66f240f9-30d1-49ca-bc6c-a2e6872a531a', false, '2024-11-10 18:59:17.526369+00', '2024-11-10 18:59:17.526369+00', NULL, 'ea8f655c-ce91-420a-aad6-6b281b735588'),
	('00000000-0000-0000-0000-000000000000', 230, 'Bnn6CWxUlPHtSNEWnx4Hcw', '66f240f9-30d1-49ca-bc6c-a2e6872a531a', false, '2024-11-10 19:06:35.171692+00', '2024-11-10 19:06:35.171692+00', NULL, '77e142f8-e180-4aac-abba-ab503b8606cc');


--
-- Data for Name: sso_providers; Type: TABLE DATA; Schema: auth; Owner: supabase_auth_admin
--



--
-- Data for Name: saml_providers; Type: TABLE DATA; Schema: auth; Owner: supabase_auth_admin
--



--
-- Data for Name: saml_relay_states; Type: TABLE DATA; Schema: auth; Owner: supabase_auth_admin
--



--
-- Data for Name: sso_domains; Type: TABLE DATA; Schema: auth; Owner: supabase_auth_admin
--



--
-- Data for Name: key; Type: TABLE DATA; Schema: pgsodium; Owner: supabase_admin
--



--
-- Data for Name: service_users; Type: TABLE DATA; Schema: public; Owner: postgres
--

INSERT INTO "public"."service_users" ("id", "created_at", "full_name", "supabase_user", "user_type") VALUES
	(3, '2024-11-02 13:45:31.66277+00', 'Automatic User', '7f58d9c6-d990-4e7f-94eb-bb04f4ce41d1', 'business'),
	(1, '2024-11-02 13:44:55.632099+00', 'Viktor Lenard', '66f240f9-30d1-49ca-bc6c-a2e6872a531a', 'business'),
	(2, '2024-11-02 13:45:15.589257+00', 'Test User 2', '8d44df12-5ae2-4cfb-8110-5f2a076a049c', 'consumer'),
	(4, '2024-11-10 00:23:52.480513+00', 'Consumer John', '63eb1714-eb58-44cb-8d11-7525844b61bc', 'consumer'),
	(5, '2024-11-10 00:27:00.675139+00', 'Consumer Peter', '915530f4-ce1c-4f35-8375-5eba064caf4a', 'consumer'),
	(8, '2024-11-10 15:33:59.072948+00', 'Peter Packt', 'b2e98cc0-4ffe-44f8-a2ef-a754acf5cb0b', 'business'),
	(9, '2024-11-10 15:35:36.537678+00', 'Viktor Lenard', '2e399d0a-8e86-4d45-b799-00da8c027574', 'consumer'),
	(10, '2024-11-10 19:20:49.76582+00', 'Peter Parker', '7427dea8-b6f9-462e-9adc-f2a7d9ce8d8d', 'consumer'),
	(11, '2024-11-10 19:24:33.47274+00', 'John Doe', '4aeeec54-aef9-48ff-99a4-b1937ea8a125', 'consumer'),
	(12, '2024-11-10 19:25:11.110674+00', 'Chris', 'caf05365-413a-4b4a-af76-50bee42487c5', 'consumer'),
	(13, '2024-11-10 19:33:45.621561+00', 'Chibo', 'fa6dd7af-3d88-4b7d-a012-6909a6c86937', 'consumer'),
	(14, '2024-11-10 19:35:00.434981+00', 'Packt Man', '613f8d28-d972-41cd-9964-e838f6381a47', 'consumer'),
	(17, '2024-11-10 20:26:44.770793+00', 'Average Joe', '5417bee7-c076-418a-902c-b8ef03a151be', 'consumer'),
	(20, '2024-11-10 20:35:17.618872+00', 'Paul Mary', '1bf8ebad-6832-4e3b-a478-36f400a34b2c', 'consumer');


--
-- Data for Name: tenants; Type: TABLE DATA; Schema: public; Owner: postgres
--

INSERT INTO "public"."tenants" ("id", "created_at", "name", "domain") VALUES
	('smiths', '2024-11-02 12:02:55.266013+00', 'Smith''s Lettings', 'smiths.com'),
	('foxtons', '2024-11-02 12:03:52.244334+00', 'Foxtons', 'foxtons.com'),
	('merton', '2024-11-02 12:04:49.389343+00', 'Merton Housing', 'merton.com'),
	('packt', '2024-11-02 12:05:38.106908+00', 'Packt Housing', 'packt.com');


--
-- Data for Name: tenant_permissions; Type: TABLE DATA; Schema: public; Owner: postgres
--

INSERT INTO "public"."tenant_permissions" ("id", "created_at", "service_user", "tenant") VALUES
	(1, '2024-11-02 13:54:05.630589+00', 1, 'packt'),
	(2, '2024-11-02 13:54:17.264915+00', 1, 'merton'),
	(4, '2024-11-10 15:33:59.078349+00', 8, 'packt'),
	(5, '2024-11-10 19:25:11.113968+00', 12, 'packt'),
	(6, '2024-11-10 19:35:00.439065+00', 14, 'packt');


--
-- Data for Name: buckets; Type: TABLE DATA; Schema: storage; Owner: supabase_storage_admin
--



--
-- Data for Name: objects; Type: TABLE DATA; Schema: storage; Owner: supabase_storage_admin
--



--
-- Data for Name: s3_multipart_uploads; Type: TABLE DATA; Schema: storage; Owner: supabase_storage_admin
--



--
-- Data for Name: s3_multipart_uploads_parts; Type: TABLE DATA; Schema: storage; Owner: supabase_storage_admin
--



--
-- Data for Name: hooks; Type: TABLE DATA; Schema: supabase_functions; Owner: supabase_functions_admin
--



--
-- Data for Name: secrets; Type: TABLE DATA; Schema: vault; Owner: supabase_admin
--



--
-- Name: refresh_tokens_id_seq; Type: SEQUENCE SET; Schema: auth; Owner: supabase_auth_admin
--

SELECT pg_catalog.setval('"auth"."refresh_tokens_id_seq"', 239, true);


--
-- Name: key_key_id_seq; Type: SEQUENCE SET; Schema: pgsodium; Owner: supabase_admin
--

SELECT pg_catalog.setval('"pgsodium"."key_key_id_seq"', 1, false);


--
-- Name: service_users_id_seq; Type: SEQUENCE SET; Schema: public; Owner: postgres
--

SELECT pg_catalog.setval('"public"."service_users_id_seq"', 22, true);


--
-- Name: tenant_permissions_id_seq; Type: SEQUENCE SET; Schema: public; Owner: postgres
--

SELECT pg_catalog.setval('"public"."tenant_permissions_id_seq"', 12, true);


--
-- Name: hooks_id_seq; Type: SEQUENCE SET; Schema: supabase_functions; Owner: supabase_functions_admin
--

SELECT pg_catalog.setval('"supabase_functions"."hooks_id_seq"', 1, false);


--
-- PostgreSQL database dump complete
--

RESET ALL;
